-- Insert Membership Levels
INSERT INTO [Member] (Membership_Level, Discount_Rate)
VALUES 
  ('Basic', 0.05),   
  ('Silver', 0.10),  
  ('Gold', 0.15),    
  ('Platinum', 0.20);

-- Insert 10 Customers (omit Customer_ID)
INSERT INTO Customer (First_Name, Last_Name, Email, Phone, Membership_Level)
VALUES
  ('John',      'Doe',          'john.doe@example.com',       '201-555-0101', 'Basic'),
  ('Mary',      'Smith',        'mary.smith@example.com',     '202-555-0123', 'Silver'),
  ('Robert',    'Johnson',      'robert.johnson@example.com', '203-555-0145', 'Gold'),
  ('Patricia',  'Williams',     'patricia.williams@example.com','204-555-0167','Platinum'),
  ('Michael',   'Brown',        'michael.brown@example.com',  '205-555-0189', 'Basic'),
  ('Linda',     'Jones',        'linda.jones@example.com',    '206-555-0211', 'Silver'),
  ('William',   'Garcia',       'william.garcia@example.com', '207-555-0233', 'Gold'),
  ('Elizabeth', 'Miller',       'elizabeth.miller@example.com','208-555-0255','Platinum'),
  ('David',     'Davis',        'david.davis@example.com',    '209-555-0277', 'Basic'),
  ('Barbara',   'Rodriguez',    'barbara.rodriguez@example.com','210-555-0299','Silver');

-- Insert 10 Customer Addresses (omit Address_ID)
INSERT INTO Customer_Address (Address_Line_1, Address_Line_2, City, [State], Zip_Code, Country, Customer_ID)
VALUES
  ('123 Maple Ave',    NULL,       'New York',     'NY', '10001', 'USA', 1),
  ('456 Oak St',       'Apt 4B',   'Los Angeles',  'CA', '90001', 'USA', 2),
  ('789 Pine Rd',      NULL,       'Chicago',      'IL', '60601', 'USA', 3),
  ('321 Elm St',       'Suite 210','Houston',      'TX', '77001', 'USA', 4),
  ('654 Cedar Blvd',   NULL,       'Phoenix',      'AZ', '85001', 'USA', 5),
  ('987 Walnut St',    'Unit 3',   'Philadelphia', 'PA', '19019', 'USA', 6),
  ('147 Birch Ln',     NULL,       'San Antonio',  'TX', '78201', 'USA', 7),
  ('258 Spruce Dr',    'Floor 2',  'San Diego',    'CA', '92101', 'USA', 8),
  ('369 Cherry Ct',    NULL,       'Dallas',       'TX', '75201', 'USA', 9),
  ('741 Aspen Way',    'Building A','San Jose',    'CA', '95101', 'USA', 10);

-- Insert Product Categories (omit Category_ID)
INSERT INTO Product_Category (Category_Name, Category_Description)
VALUES
  ('Haircare',        'Products related to haircare maintenance'),
  ('Electronics',     'Products related to electronic devices, computers, cell phones, and accessories'),
  ('Beauty',          'Products related to beauty and skincare products'),
  ('Fashion',         'Products related to clothing and fashion accessories'),
  ('Home Decor',      'Products related to home decoration and furnishings'),
  ('Sports Equipment','Products related to sports and fitness equipment'),
  ('Health & Wellness','Products related to health, wellness, and personal care'),
  ('Books',           'Products related to printed and digital books'),
  ('Toys & Games',    'Products related to children''s toys and recreational games'),
  ('Jewelry',         'Products related to jewelry and timepieces');

-- Insert Suppliers (omit Supplier_ID)
INSERT INTO Supplier (Supplier_Name, Contact_Name, Contact_Email, Contact_Phone)
VALUES
  ('Global Tech Distributors', 'Alice Chen', 'alice.chen@globaltech.com', '212-555-0147'),
  ('Style & Co Apparel',       'Marco Ramirez', 'marco.ramirez@styleco.com',    '305-555-0198'),
  ('Beauty Essentials Inc.',   'Sophia Patel',  'sophia.patel@beautyessentials.com', '818-555-0123'),
  ('Beautisa', 'Laura Pierre', 'laura.p@beautisa.com', '919-991-1199'),
  ('Beats by Dre', 'John Smith', 'johnsmith@beatsbydre.com', '209-902-2200');

-- Insert Products (omit Product_ID)
INSERT INTO [Product] (Product_Name, Product_Description, Category_ID, Supplier_ID, Image_URL, Deleted_At)
VALUES
  ('Hair Spray Bottle', 'Ultra fine mist water sprayer for hairstyling and cleaning 2 pack 6.8 oz', 1, 4, NULL, NULL),
  ('Beats Powerbeats Pro 2', 'Wireless bluetooth earbuds - noise cancelling', 2, 5, NULL, NULL),
  ('Premium Camera', 'Premium Camera designed for electronics enthusiasts.', 2, 1, NULL, NULL),
  ('Advanced Basketball', 'Advanced Basketball designed for sports equipment enthusiasts.', 6, 2, NULL, NULL),
  ('Advanced Puzzle', 'Advanced Puzzle designed for toys & games enthusiasts.', 9, 3, NULL, NULL),
  ('Eco Journal', 'Eco Journal designed for books enthusiasts.', 8, 4, NULL, NULL),
  ('Premium Hair Brush', 'Premium Hair Brush designed for haircare enthusiasts.', 1, 5, NULL, NULL),
  ('Compact Basketball', 'Compact Basketball designed for sports equipment enthusiasts.', 6, 1, NULL, NULL),
  ('Compact Hair Serum', 'Compact Hair Serum designed for haircare enthusiasts.', 1, 2, NULL, NULL),
  ('Pro Mascara', 'Pro Mascara designed for beauty enthusiasts.', 3, 3, NULL, NULL),
  ('Modern Jeans', 'Modern Jeans designed for fashion enthusiasts.', 4, 4, NULL, NULL),
  ('Premium Board Game', 'Premium Board Game designed for toys & games enthusiasts.', 9, 5, NULL, NULL),
  ('Pro Shampoo', 'Pro Shampoo designed for haircare enthusiasts.', 1, 1, NULL, NULL),
  ('Compact Doll', 'Compact Doll designed for toys & games enthusiasts.', 9, 2, NULL, NULL),
  ('Advanced Area Rug', 'Advanced Area Rug designed for home decor enthusiasts.', 5, 3, NULL, NULL),
  ('Pro Yoga Mat', 'Pro Yoga Mat designed for sports equipment enthusiasts.', 6, 4, NULL, NULL),
  ('Modern Action Figure', 'Modern Action Figure designed for toys & games enthusiasts.', 9, 5, NULL, NULL),
  ('Modern Yoga Block', 'Modern Yoga Block designed for health & wellness enthusiasts.', 7, 1, NULL, NULL),
  ('Premium Yoga Block', 'Premium Yoga Block designed for health & wellness enthusiasts.', 7, 2, NULL, NULL),
  ('Ultra Headphones', 'Ultra Headphones designed for electronics enthusiasts.', 2, 3, NULL, NULL),
  ('Ultra Novel', 'Ultra Novel designed for books enthusiasts.', 8, 4, NULL, NULL),
  ('Modern Comic Book', 'Modern Comic Book designed for books enthusiasts.', 8, 5, NULL, NULL),
  ('Deluxe Fitness Tracker', 'Deluxe Fitness Tracker designed for health & wellness enthusiasts.', 7, 1, NULL, NULL),
  ('Advanced Headphones', 'Advanced Headphones designed for electronics enthusiasts.', 2, 2, NULL, NULL),
  ('Eco Dumbbell Set', 'Eco Dumbbell Set designed for sports equipment enthusiasts.', 6, 3, NULL, NULL),
  ('Deluxe Massage Roller', 'Deluxe Massage Roller designed for health & wellness enthusiasts.', 7, 4, NULL, NULL),
  ('Advanced Foundation', 'Advanced Foundation designed for beauty enthusiasts.', 3, 5, NULL, NULL),
  ('Ultra Tennis Racket', 'Ultra Tennis Racket designed for sports equipment enthusiasts.', 6, 1, NULL, NULL),
  ('Smart Lipstick', 'Smart Lipstick designed for beauty enthusiasts.', 3, 2, NULL, NULL),
  ('Modern Lipstick', 'Modern Lipstick designed for beauty enthusiasts.', 3, 3, NULL, NULL),
  ('Ultra Doll', 'Ultra Doll designed for toys & games enthusiasts.', 9, 4, NULL, NULL),
  ('Advanced Bluetooth Speaker', 'Advanced Bluetooth Speaker designed for electronics enthusiasts.', 2, 5, NULL, NULL),
  ('Ultra Smartphone', 'Ultra Smartphone designed for electronics enthusiasts.', 2, 1, NULL, NULL),
  ('Premium Curtains', 'Premium Curtains designed for home decor enthusiasts.', 5, 2, NULL, NULL),
  ('Premium Yoga Mat', 'Premium Yoga Mat designed for sports equipment enthusiasts.', 6, 3, NULL, NULL),
  ('Eco Curtains', 'Eco Curtains designed for home decor enthusiasts.', 5, 4, NULL, NULL),
  ('Classic Necklace', 'Classic Necklace designed for jewelry enthusiasts.', 10, 5, NULL, NULL),
  ('Pro Earrings', 'Pro Earrings designed for jewelry enthusiasts.', 10, 1, NULL, NULL),
  ('Pro Smartphone', 'Pro Smartphone designed for electronics enthusiasts.', 2, 2, NULL, NULL),
  ('Advanced Hair Brush', 'Advanced Hair Brush designed for haircare enthusiasts.', 1, 3, NULL, NULL),
  ('Eco Camera', 'Eco Camera designed for electronics enthusiasts.', 2, 4, NULL, NULL),
  ('Ultra Watch', 'Ultra Watch designed for jewelry enthusiasts.', 10, 5, NULL, NULL),
  ('Premium Coffee Table', 'Premium Coffee Table designed for home decor enthusiasts.', 5, 1, NULL, NULL),
  ('Ultra Wall Art', 'Ultra Wall Art designed for home decor enthusiasts.', 5, 2, NULL, NULL),
  ('Deluxe Bracelet', 'Deluxe Bracelet designed for jewelry enthusiasts.', 10, 3, NULL, NULL),
  ('Eco Camera', 'Eco Camera designed for electronics enthusiasts.', 2, 4, NULL, NULL),
  ('Advanced Dumbbell Set', 'Advanced Dumbbell Set designed for sports equipment enthusiasts.', 6, 5, NULL, NULL),
  ('Pro Biography', 'Pro Biography designed for books enthusiasts.', 8, 1, NULL, NULL),
  ('Advanced Action Figure', 'Advanced Action Figure designed for toys & games enthusiasts.', 9, 2, NULL, NULL),
  ('Smart Watch', 'Smart Watch designed for jewelry enthusiasts.', 10, 3, NULL, NULL),
  ('Eco Necklace', 'Eco Necklace designed for jewelry enthusiasts.', 10, 4, NULL, NULL),
  ('Smart Board Game', 'Smart Board Game designed for toys & games enthusiasts.', 9, 5, NULL, NULL),
  ('Classic Dress', 'Classic Dress designed for fashion enthusiasts.', 4, 1, NULL, NULL),
  ('Ultra Treadmill', 'Ultra Treadmill designed for sports equipment enthusiasts.', 6, 2, NULL, NULL),
  ('Premium Earrings', 'Premium Earrings designed for jewelry enthusiasts.', 10, 3, NULL, NULL),
  ('Smart Yoga Mat', 'Smart Yoga Mat designed for sports equipment enthusiasts.', 6, 4, NULL, NULL),
  ('Classic Bracelet', 'Classic Bracelet designed for jewelry enthusiasts.', 10, 5, NULL, NULL),
  ('Advanced T-Shirt', 'Advanced T-Shirt designed for fashion enthusiasts.', 4, 1, NULL, NULL),
  ('Advanced Area Rug', 'Advanced Area Rug designed for home decor enthusiasts.', 5, 2, NULL, NULL),
  ('Smart Serum', 'Smart Serum designed for beauty enthusiasts.', 3, 3, NULL, NULL),
  ('Pro Journal', 'Pro Journal designed for books enthusiasts.', 8, 4, NULL, NULL),
  ('Pro Puzzle', 'Pro Puzzle designed for toys & games enthusiasts.', 9, 5, NULL, NULL),
  ('Advanced Jeans', 'Advanced Jeans designed for fashion enthusiasts.', 4, 1, NULL, NULL),
  ('Compact Dress', 'Compact Dress designed for fashion enthusiasts.', 4, 2, NULL, NULL),
  ('Smart Cookbook', 'Smart Cookbook designed for books enthusiasts.', 8, 3, NULL, NULL),
  ('Ultra Bracelet', 'Ultra Bracelet designed for jewelry enthusiasts.', 10, 4, NULL, NULL),
  ('Compact Jacket', 'Compact Jacket designed for fashion enthusiasts.', 4, 5, NULL, NULL),
  ('Eco Foundation', 'Eco Foundation designed for beauty enthusiasts.', 3, 1, NULL, NULL),
  ('Advanced Watch', 'Advanced Watch designed for jewelry enthusiasts.', 10, 2, NULL, NULL),
  ('Ultra Protein Powder', 'Ultra Protein Powder designed for health & wellness enthusiasts.', 7, 3, NULL, NULL),
  ('Classic Yoga Block', 'Classic Yoga Block designed for health & wellness enthusiasts.', 7, 4, NULL, NULL),
  ('Smart Wall Art', 'Smart Wall Art designed for home decor enthusiasts.', 5, 5, NULL, NULL),
  ('Ultra Hair Serum', 'Ultra Hair Serum designed for haircare enthusiasts.', 1, 1, NULL, NULL),
  ('Premium Throw Pillow', 'Premium Throw Pillow designed for home decor enthusiasts.', 5, 2, NULL, NULL),
  ('Premium Jeans', 'Premium Jeans designed for fashion enthusiasts.', 4, 3, NULL, NULL),
  ('Compact Curtains', 'Compact Curtains designed for home decor enthusiasts.', 5, 4, NULL, NULL),
  ('Smart Doll', 'Smart Doll designed for toys & games enthusiasts.', 9, 5, NULL, NULL),
  ('Smart Coffee Table', 'Smart Coffee Table designed for home decor enthusiasts.', 5, 1, NULL, NULL),
  ('Classic Cookbook', 'Classic Cookbook designed for books enthusiasts.', 8, 2, NULL, NULL),
  ('Smart Novel', 'Smart Novel designed for books enthusiasts.', 8, 3, NULL, NULL),
  ('Modern Shampoo', 'Modern Shampoo designed for haircare enthusiasts.', 1, 4, NULL, NULL),
  ('Pro RC Car', 'Pro RC Car designed for toys & games enthusiasts.', 9, 5, NULL, NULL),
  ('Compact Area Rug', 'Compact Area Rug designed for home decor enthusiasts.', 5, 1, NULL, NULL),
  ('Premium Conditioner', 'Premium Conditioner designed for haircare enthusiasts.', 1, 2, NULL, NULL),
  ('Ultra Scalp Massager', 'Ultra Scalp Massager designed for haircare enthusiasts.', 1, 3, NULL, NULL),
  ('Modern Foundation', 'Modern Foundation designed for beauty enthusiasts.', 3, 4, NULL, NULL),
  ('Classic Area Rug', 'Classic Area Rug designed for home decor enthusiasts.', 5, 5, NULL, NULL),
  ('Ultra Jeans', 'Ultra Jeans designed for fashion enthusiasts.', 4, 1, NULL, NULL),
  ('Modern Conditioner', 'Modern Conditioner designed for haircare enthusiasts.', 1, 2, NULL, NULL),
  ('Advanced Puzzle', 'Advanced Puzzle designed for toys & games enthusiasts.', 9, 3, NULL, NULL),
  ('Modern Novel', 'Modern Novel designed for books enthusiasts.', 8, 4, NULL, NULL),
  ('Advanced Coffee Table', 'Advanced Coffee Table designed for home decor enthusiasts.', 5, 5, NULL, NULL),
  ('Advanced Biography', 'Advanced Biography designed for books enthusiasts.', 8, 1, NULL, NULL),
  ('Pro Throw Pillow', 'Pro Throw Pillow designed for home decor enthusiasts.', 5, 2, NULL, NULL),
  ('Premium Dress', 'Premium Dress designed for fashion enthusiasts.', 4, 3, NULL, NULL),
  ('Premium Jacket', 'Premium Jacket designed for fashion enthusiasts.', 4, 4, NULL, NULL),
  ('Ultra Mascara', 'Ultra Mascara designed for beauty enthusiasts.', 3, 5, NULL, NULL),
  ('Eco Bracelet', 'Eco Bracelet designed for jewelry enthusiasts.', 10, 1, NULL, NULL),
  ('Compact Comic Book', 'Compact Comic Book designed for books enthusiasts.', 8, 2, NULL, NULL),
  ('Advanced Smartphone', 'Advanced Smartphone designed for electronics enthusiasts.', 2, 3, NULL, NULL),
  ('Advanced Coffee Table', 'Advanced Coffee Table designed for home decor enthusiasts.', 5, 4, NULL, NULL),
  ('Advanced Board Game', 'Advanced Board Game designed for toys & games enthusiasts.', 9, 5, NULL, NULL);

-- Insert Purchase Orders (omit Purchase_Order_ID)
INSERT INTO Purchase_Order (Supplier_ID, Order_Date, Purchase_Order_Status)
VALUES
  (1, DATEADD(day, -60, GETUTCDATE()), 'Received'),
  (2, DATEADD(day, -58, GETUTCDATE()), 'Pending'),
  (3, DATEADD(day, -55, GETUTCDATE()), 'Received'),
  (4, DATEADD(day, -52, GETUTCDATE()), 'Cancelled'),
  (5, DATEADD(day, -50, GETUTCDATE()), 'Received'),
  (1, DATEADD(day, -47, GETUTCDATE()), 'Pending'),
  (2, DATEADD(day, -45, GETUTCDATE()), 'Received'),
  (3, DATEADD(day, -42, GETUTCDATE()), 'Received'),
  (4, DATEADD(day, -40, GETUTCDATE()), 'Pending'),
  (5, DATEADD(day, -38, GETUTCDATE()), 'Received'),
  (1, DATEADD(day, -35, GETUTCDATE()), 'Cancelled'),
  (2, DATEADD(day, -32, GETUTCDATE()), 'Received'),
  (3, DATEADD(day, -30, GETUTCDATE()), 'Pending'),
  (4, DATEADD(day, -28, GETUTCDATE()), 'Received'),
  (5, DATEADD(day, -25, GETUTCDATE()), 'Received'),
  (1, DATEADD(day, -22, GETUTCDATE()), 'Pending'),
  (2, DATEADD(day, -20, GETUTCDATE()), 'Received'),
  (3, DATEADD(day, -18, GETUTCDATE()), 'Cancelled'),
  (4, DATEADD(day, -15, GETUTCDATE()), 'Received'),
  (5, DATEADD(day, -10, GETUTCDATE()), 'Pending');

-- Insert Purchase Order Items (omit Purchase_Order_Item_ID)
INSERT INTO Purchase_Order_Item (Purchase_Order_ID, Product_ID, Quantity)
VALUES
  (1, 58, 141),
  (1, 36, 64),
  (2, 91, 288),
  (2, 42, 441),
  (3, 88, 179),
  (3, 81, 494),
  (4, 69, 306),
  (4, 26, 219),
  (5, 34, 469),
  (5, 86, 278),
  (6, 26, 252),
  (6, 94, 388),
  (7, 100, 193),
  (7, 25, 419),
  (8, 31, 397),
  (8, 80, 55),
  (9, 22, 329),
  (9, 96, 213),
  (10, 79, 460),
  (10, 6, 143),
  (11, 34, 243),
  (11, 62, 102),
  (12, 34, 206),
  (12, 82, 254),
  (13, 99, 106),
  (13, 43, 382),
  (14, 15, 443),
  (14, 44, 279),
  (15, 32, 319),
  (15, 59, 262),
  (16, 76, 288),
  (16, 27, 257),
  (17, 35, 456),
  (17, 27, 172),
  (18, 65, 233),
  (18, 63, 447),
  (19, 60, 441),
  (19, 10, 468),
  (20, 96, 191),
  (20, 33, 80);

-- Insert Inventory records (omit Inventory_ID)
INSERT INTO Inventory (Product_ID, Quantity, Unit_Price, Deleted_At)
VALUES
  (1, 185, 70.31, NULL),
  (2, 227, 346.66, NULL),
  (3, 433, 137.63, NULL),
  (4, 491, 228.55, NULL),
  (5, 72, 38.75, NULL),
  (6, 251, 431.44, NULL),
  (7, 498, 69.25, NULL),
  (8, 409, 146.24, NULL),
  (9, 151, 192.97, NULL),
  (10, 264, 8.1, NULL),
  (11, 206, 9.44, NULL),
  (12, 379, 183.55, NULL),
  (13, 372, 92.4, NULL),
  (14, 436, 453.05, NULL),
  (15, 394, 162.73, NULL),
  (16, 297, 155.87, NULL),
  (17, 71, 457.43, NULL),
  (18, 452, 221.73, NULL),
  (19, 365, 9.19, NULL),
  (20, 389, 13.64, NULL),
  (21, 174, 391.82, NULL),
  (22, 333, 328.99, NULL),
  (23, 98, 296.13, NULL),
  (24, 241, 485.99, NULL),
  (25, 379, 229.7, NULL),
  (26, 476, 98.88, NULL),
  (27, 108, 170.62, NULL),
  (28, 331, 492.49, NULL),
  (29, 396, 275.34, NULL),
  (30, 96, 494.49, NULL),
  (31, 354, 261.39, NULL),
  (32, 459, 147.81, NULL),
  (33, 117, 489.32, NULL),
  (34, 316, 6.83, NULL),
  (35, 347, 314.11, NULL),
  (36, 10, 280.09, NULL),
  (37, 337, 175.84, NULL),
  (38, 109, 168.69, NULL),
  (39, 444, 382.32, NULL),
  (40, 310, 70.65, NULL),
  (41, 155, 316.9, NULL),
  (42, 329, 229.12, NULL),
  (43, 77, 109.24, NULL),
  (44, 382, 303.59, NULL),
  (45, 95, 204.35, NULL),
  (46, 262, 31.38, NULL),
  (47, 259, 455.47, NULL),
  (48, 299, 116.9, NULL),
  (49, 228, 17.71, NULL),
  (50, 495, 160.99, NULL),
  (51, 456, 94.69, NULL),
  (52, 320, 12.51, NULL),
  (53, 118, 266.13, NULL),
  (54, 403, 10.08, NULL),
  (55, 373, 283.33, NULL),
  (56, 241, 69.34, NULL),
  (57, 58, 297.4, NULL),
  (58, 381, 106.3, NULL),
  (59, 272, 407.92, NULL),
  (60, 37, 127.15, NULL),
  (61, 83, 65.52, NULL),
  (62, 224, 310.26, NULL),
  (63, 408, 194.87, NULL),
  (64, 488, 307.41, NULL),
  (65, 128, 49.18, NULL),
  (66, 202, 222.63, NULL),
  (67, 354, 333.48, NULL),
  (68, 413, 333.04, NULL),
  (69, 102, 260.53, NULL),
  (70, 318, 274.27, NULL),
  (71, 36, 87.88, NULL),
  (72, 319, 465.7, NULL),
  (73, 489, 328.05, NULL),
  (74, 497, 413.95, NULL),
  (75, 76, 44.85, NULL),
  (76, 242, 173.26, NULL),
  (77, 156, 97.17, NULL),
  (78, 447, 417.67, NULL),
  (79, 121, 19.71, NULL),
  (80, 44, 460.84, NULL),
  (81, 127, 236.09, NULL),
  (82, 407, 35.06, NULL),
  (83, 168, 44.96, NULL),
  (84, 282, 141.25, NULL),
  (85, 170, 406.19, NULL),
  (86, 74, 364.31, NULL),
  (87, 337, 394.77, NULL),
  (88, 127, 446.05, NULL),
  (89, 212, 286.44, NULL),
  (90, 458, 298.47, NULL),
  (91, 148, 326.85, NULL),
  (92, 418, 195.12, NULL),
  (93, 178, 192.77, NULL),
  (94, 375, 287.12, NULL),
  (95, 435, 99.79, NULL),
  (96, 345, 305.29, NULL),
  (97, 360, 148.53, NULL),
  (98, 172, 50.44, NULL),
  (99, 458, 42.64, NULL),
  (100, 39, 28.8, NULL);

-- Insert Shopping Carts (omit Cart_ID)
INSERT INTO Shopping_Cart (Customer_ID, Created_At)
VALUES
  (1, DATEADD(day, -1, GETUTCDATE())),
  (2, DATEADD(day, -1, GETUTCDATE())),
  (3, DATEADD(day, -4, GETUTCDATE())),
  (4, DATEADD(day, -15, GETUTCDATE())),
  (5, DATEADD(day, -7, GETUTCDATE())),
  (6, DATEADD(day, -81, GETUTCDATE())),
  (7, DATEADD(day, -89, GETUTCDATE())),
  (8, DATEADD(day, -43, GETUTCDATE())),
  (9, DATEADD(day, -1, GETUTCDATE())),
  (10, DATEADD(day, -18, GETUTCDATE()));

-- Insert Shopping Cart Items
-- Insert Shopping Cart Items for carts 1–10 (3 items each)
INSERT INTO Shopping_Cart_Item (Cart_ID, Inventory_ID, Quantity)
VALUES
  (1, 26, 3),
  (2,  8, 1),
  (2, 16, 2),
  (3, 2, 1),
  (3, 14, 2),
  (3, 27, 1),
  (4, 9, 4),
  (4, 20, 1),
  (4, 45, 2),
  (6, 4, 1),
  (6, 29, 1),
  (7, 11, 2),
  (7, 22, 1),
  (7, 37, 3),
  (8, 3, 1),
  (8, 13, 2),
  (8, 30, 1),
  (9, 1, 2),
  (9, 17, 1),
  (9, 31, 3),
  (10,10, 2),
  (10,40, 1);

-- Insert Customer Orders for Customers 1–10 (omit Order_ID)
INSERT INTO [Order] (Customer_ID, Order_Date)
VALUES
  (1, '2025-01-30 07:04:21'),
  (3, '2025-04-19 11:06:15'),
  (9, '2025-01-09 03:16:55'),
  (10, '2025-04-08 02:03:12'),
  (4, '2025-04-10 08:09:09'),
  (3, '2025-01-07 05:16:06'),
  (6, '2025-03-23 04:03:31'),
  (10, '2025-04-07 23:43:56'),
  (9, '2025-02-24 11:05:33'),
  (9, '2025-04-18 18:05:49'),
  (7, '2025-01-23 06:55:10'),
  (2, '2025-03-13 20:50:09'),
  (10, '2025-03-10 11:35:43'),
  (3, '2025-01-10 05:34:35'),
  (6, '2025-02-17 07:47:58'),
  (9, '2025-01-16 06:01:20'),
  (4, '2025-01-08 00:17:46'),
  (9, '2025-02-27 06:44:41'),
  (9, '2025-02-16 13:23:07'),
  (10, '2025-01-15 18:20:11'),
  (3, '2025-04-20 06:29:51'),
  (10, '2025-02-12 02:19:43'),
  (6, '2025-02-26 22:53:12'),
  (4, '2025-04-12 16:06:43'),
  (9, '2025-03-17 13:45:15'),
  (8, '2025-02-19 19:07:42'),
  (9, '2025-01-28 17:28:23'),
  (5, '2025-02-14 07:30:05'),
  (3, '2025-01-24 14:24:14'),
  (9, '2025-03-22 20:45:44'),
  (5, '2025-04-13 21:06:34'),
  (9, '2025-02-10 12:59:52'),
  (4, '2025-04-15 10:49:46'),
  (5, '2025-02-02 19:20:37'),
  (7, '2025-04-12 16:09:46'),
  (9, '2025-02-10 00:31:02'),
  (4, '2025-01-20 07:34:57'),
  (6, '2025-04-13 16:17:10'),
  (8, '2025-01-18 14:10:42'),
  (10, '2025-04-09 20:44:17'),
  (8, '2025-04-07 17:34:14'),
  (3, '2025-02-11 04:30:16'),
  (4, '2025-04-17 13:00:13'),
  (6, '2025-03-08 02:01:56'),
  (9, '2025-01-09 02:36:26'),
  (1, '2025-04-07 01:55:56'),
  (7, '2025-02-24 22:28:45'),
  (1, '2025-01-23 18:45:45'),
  (9, '2025-02-27 13:23:15'),
  (1, '2025-01-30 23:02:22'),
  (9, '2025-02-26 06:57:45'),
  (10, '2025-02-27 20:55:12'),
  (10, '2025-04-09 13:34:35'),
  (10, '2025-04-08 13:14:14'),
  (4, '2025-03-07 15:26:06'),
  (5, '2025-02-05 02:31:11'),
  (6, '2025-01-06 07:20:25'),
  (6, '2025-03-12 04:41:52'),
  (10, '2025-03-28 21:14:56'),
  (9, '2025-03-20 02:33:12'),
  (1, '2025-03-13 03:09:37'),
  (7, '2025-01-28 13:49:57'),
  (4, '2025-02-09 12:01:57'),
  (2, '2025-03-01 20:18:37'),
  (4, '2025-01-09 02:27:51'),
  (10, '2025-02-09 09:23:22'),
  (1, '2025-04-12 10:41:35'),
  (5, '2025-01-17 11:25:27'),
  (3, '2025-03-07 12:21:12'),
  (10, '2025-02-19 13:39:48'),
  (1, '2025-03-01 18:57:50'),
  (10, '2025-02-16 16:08:26'),
  (10, '2025-02-26 14:25:16'),
  (5, '2025-01-27 11:37:16'),
  (7, '2025-01-16 08:33:25'),
  (2, '2025-01-27 18:32:46'),
  (4, '2025-02-11 20:53:29'),
  (4, '2025-01-23 10:49:42'),
  (9, '2025-03-21 15:05:32'),
  (2, '2025-04-08 00:46:13'),
  (2, '2025-03-02 23:20:14'),
  (9, '2025-02-02 23:53:29'),
  (2, '2025-03-11 14:53:24'),
  (1, '2025-02-19 06:11:11'),
  (3, '2025-02-04 05:02:56'),
  (5, '2025-04-02 06:24:03'),
  (9, '2025-03-15 11:54:20'),
  (3, '2025-02-17 09:12:04'),
  (10, '2025-03-06 19:24:21'),
  (2, '2025-03-28 10:33:59'),
  (10, '2025-01-11 18:34:12'),
  (6, '2025-04-17 18:33:58'),
  (3, '2025-04-13 13:15:43'),
  (1, '2025-02-27 11:11:18'),
  (7, '2025-01-01 14:45:16'),
  (8, '2025-02-27 03:52:25'),
  (9, '2025-03-22 17:48:56'),
  (2, '2025-04-02 20:05:22'),
  (4, '2025-01-29 05:10:15'),
  (1, '2025-01-29 12:04:24');

-- Insert Order_Items for Orders 1–100 (omit Created_At/Updated_At)
INSERT INTO Order_Item (Order_ID, Inventory_ID, Quantity, Amount, Tax)
VALUES
  (1, 11, 3, 440.56, 42.43),
  (1, 47, 4, 115.5, 10.03),
  (1, 10, 2, 455.55, 44.42),
  (1, 40, 5, 345.99, 17.5),
  (1, 96, 4, 23.85, 1.65),
  (2, 7, 3, 239.03, 18.76),
  (2, 58, 5, 315.12, 23.1),
  (2, 84, 5, 496.07, 40.24),
  (2, 60, 4, 305.48, 24.23),
  (2, 8, 5, 448.72, 26.5),
  (2, 77, 5, 415.15, 40.63),
  (3, 52, 2, 221.62, 15.76),
  (3, 62, 3, 119.64, 7.12),
  (3, 67, 5, 181.98, 13.91),
  (3, 56, 1, 258.61, 20.83),
  (3, 71, 5, 270.23, 23.15),
  (4, 14, 3, 126.13, 7.39),
  (4, 43, 5, 112.16, 11.1),
  (4, 6, 3, 35.3, 2.42),
  (4, 79, 1, 234.61, 14.56),
  (4, 38, 2, 148.11, 8.75),
  (4, 58, 3, 164.91, 11.52),
  (4, 15, 5, 122.6, 9.38),
  (4, 35, 4, 174.17, 11.39),
  (4, 59, 5, 118.04, 9.17),
  (4, 63, 1, 343.18, 22.69),
  (5, 29, 4, 292.52, 20.49),
  (5, 22, 1, 304.07, 16.84),
  (5, 25, 5, 405.52, 30.57),
  (5, 9, 3, 367.24, 29.44),
  (5, 6, 5, 287.08, 17.83),
  (6, 65, 1, 39.33, 3.12),
  (6, 98, 3, 494.31, 42.18),
  (6, 23, 2, 70.46, 4.93),
  (6, 76, 5, 436.14, 30.25),
  (6, 99, 4, 235.79, 20.92),
  (6, 74, 5, 23.61, 1.83),
  (6, 28, 2, 176.31, 14.73),
  (7, 88, 1, 61.47, 5.73),
  (7, 77, 1, 420.86, 27.16),
  (7, 86, 2, 355.58, 27.96),
  (7, 65, 1, 385.75, 35.67),
  (7, 63, 2, 493.69, 36.18),
  (7, 56, 3, 195.55, 14.92),
  (7, 7, 5, 191.31, 17.19),
  (7, 99, 1, 483.14, 32.41),
  (7, 8, 4, 223.53, 11.33),
  (8, 65, 3, 25.25, 1.56),
  (8, 21, 3, 134.65, 8.71),
  (8, 79, 4, 32.46, 1.84),
  (8, 12, 2, 439.28, 33.12),
  (8, 63, 1, 69.34, 5.13),
  (8, 68, 4, 168.09, 12.09),
  (8, 72, 1, 86.25, 6.8),
  (9, 48, 1, 425.81, 26.61),
  (9, 100, 1, 354.69, 35.18),
  (9, 76, 1, 459.81, 31.29),
  (9, 92, 3, 268.98, 20.48),
  (9, 46, 3, 241.23, 17.39),
  (9, 12, 1, 437.37, 34.73),
  (9, 72, 2, 177.57, 11.52),
  (10, 61, 5, 150.93, 8.09),
  (10, 42, 2, 51.72, 3.68),
  (10, 80, 2, 87.65, 4.57),
  (10, 88, 4, 332.82, 27.75),
  (10, 46, 1, 240.65, 23.36),
  (10, 6, 3, 417.9, 28.69),
  (10, 45, 5, 193.47, 17.14),
  (11, 19, 5, 269.74, 17.45),
  (11, 65, 3, 479.47, 29.17),
  (11, 72, 2, 410.74, 37.44),
  (11, 47, 5, 95.93, 8.57),
  (11, 23, 3, 329.96, 28.18),
  (11, 75, 2, 408.97, 30.97),
  (11, 24, 5, 220.42, 16.9),
  (11, 62, 3, 353.73, 31.92),
  (12, 14, 2, 432.14, 32.65),
  (12, 43, 1, 436.0, 34.64),
  (12, 5, 3, 408.04, 34.15),
  (12, 41, 3, 116.81, 8.8),
  (12, 80, 2, 311.32, 25.12),
  (12, 23, 3, 30.7, 1.8),
  (12, 93, 3, 251.41, 20.14),
  (13, 56, 1, 499.07, 30.28),
  (13, 64, 2, 163.89, 16.33),
  (13, 9, 2, 442.34, 41.44),
  (13, 28, 3, 184.94, 17.07),
  (13, 95, 3, 287.21, 27.12),
  (13, 83, 3, 462.65, 30.1),
  (13, 45, 4, 199.37, 14.47),
  (14, 80, 5, 396.27, 39.48),
  (14, 38, 5, 204.96, 18.79),
  (14, 87, 1, 468.92, 34.59),
  (14, 93, 4, 27.43, 2.02),
  (14, 59, 2, 92.3, 4.9),
  (15, 65, 2, 44.45, 4.06),
  (15, 9, 3, 145.05, 10.35),
  (15, 18, 3, 353.04, 18.05),
  (15, 37, 4, 26.74, 1.36),
  (15, 12, 2, 362.13, 27.01),
  (15, 27, 3, 323.62, 16.7),
  (15, 38, 5, 314.73, 30.82),
  (16, 9, 2, 399.96, 32.56),
  (16, 86, 3, 67.79, 5.99),
  (16, 54, 5, 145.95, 7.84),
  (16, 100, 5, 301.98, 18.64),
  (16, 61, 2, 243.94, 15.61),
  (16, 78, 2, 66.35, 4.19),
  (16, 14, 4, 167.55, 14.63),
  (16, 38, 3, 224.33, 17.72),
  (17, 54, 4, 230.1, 18.74),
  (17, 56, 3, 52.73, 4.72),
  (17, 49, 1, 261.31, 15.19),
  (17, 39, 4, 329.1, 26.61),
  (17, 94, 5, 64.49, 6.1),
  (17, 22, 3, 413.99, 40.93),
  (17, 3, 5, 108.99, 6.57),
  (17, 26, 3, 439.11, 24.18),
  (17, 89, 5, 59.55, 3.22),
  (18, 99, 4, 367.54, 28.6),
  (18, 92, 4, 246.13, 16.74),
  (18, 5, 1, 107.96, 10.15),
  (18, 77, 5, 203.26, 15.87),
  (18, 57, 4, 410.14, 25.96),
  (18, 22, 4, 328.24, 19.03),
  (19, 46, 3, 458.66, 32.24),
  (19, 42, 3, 310.21, 27.67),
  (19, 59, 1, 473.42, 46.97),
  (19, 10, 2, 302.49, 16.28),
  (19, 31, 4, 31.82, 2.33),
  (20, 67, 2, 224.83, 21.47),
  (20, 83, 2, 42.27, 3.95),
  (20, 14, 2, 23.14, 1.46),
  (20, 31, 2, 67.61, 4.62),
  (20, 77, 2, 180.79, 9.96),
  (20, 55, 3, 454.0, 27.33),
  (20, 78, 2, 480.92, 37.78),
  (20, 48, 3, 22.7, 1.49),
  (20, 5, 5, 276.41, 21.88),
  (21, 12, 1, 430.43, 34.7),
  (21, 7, 4, 51.1, 3.95),
  (21, 56, 5, 132.32, 12.46),
  (21, 75, 2, 273.95, 23.14),
  (21, 69, 5, 112.72, 9.17),
  (21, 100, 3, 66.23, 4.41),
  (21, 42, 5, 137.78, 12.46),
  (21, 38, 4, 178.59, 10.63),
  (21, 40, 1, 192.2, 14.1),
  (21, 64, 4, 345.88, 21.19),
  (22, 26, 2, 232.51, 15.97),
  (22, 25, 2, 247.54, 21.26),
  (22, 15, 3, 149.38, 8.36),
  (22, 14, 3, 403.43, 21.11),
  (22, 87, 4, 344.24, 25.88),
  (22, 92, 1, 229.42, 19.47),
  (22, 13, 3, 345.55, 23.33),
  (22, 95, 1, 70.51, 6.49),
  (23, 23, 4, 39.5, 3.03),
  (23, 63, 4, 146.55, 11.2),
  (23, 80, 5, 393.73, 32.94),
  (23, 91, 1, 53.05, 4.89),
  (23, 30, 5, 154.05, 9.21),
  (23, 51, 4, 242.2, 16.37),
  (23, 33, 4, 227.76, 18.14),
  (23, 76, 5, 308.43, 30.3),
  (23, 75, 5, 469.18, 38.42),
  (24, 55, 1, 85.58, 4.58),
  (24, 91, 4, 144.09, 10.15),
  (24, 49, 4, 64.14, 4.28),
  (24, 24, 4, 478.74, 42.82),
  (24, 40, 3, 451.79, 34.14),
  (24, 99, 1, 257.42, 24.53),
  (24, 25, 1, 132.04, 12.15),
  (24, 18, 2, 328.4, 30.67),
  (24, 5, 2, 131.74, 8.26),
  (25, 33, 4, 422.26, 23.43),
  (25, 26, 1, 459.5, 27.4),
  (25, 32, 5, 209.47, 19.24),
  (25, 49, 5, 486.14, 46.39),
  (25, 29, 5, 160.31, 14.91),
  (25, 2, 4, 408.94, 23.12),
  (25, 92, 2, 91.46, 5.57),
  (25, 91, 2, 64.64, 3.99),
  (25, 36, 5, 324.09, 24.2),
  (25, 50, 4, 184.75, 12.1),
  (26, 95, 5, 258.61, 23.75),
  (26, 62, 3, 158.69, 11.69),
  (26, 20, 2, 386.18, 30.63),
  (26, 82, 5, 462.87, 32.83),
  (26, 4, 1, 348.59, 28.22),
  (26, 36, 5, 420.88, 21.68),
  (26, 44, 5, 228.86, 16.53),
  (27, 51, 2, 320.59, 22.39),
  (27, 87, 1, 84.15, 4.61),
  (27, 58, 5, 47.27, 3.45),
  (27, 23, 4, 251.34, 20.68),
  (27, 59, 4, 375.98, 30.04),
  (27, 43, 4, 92.01, 5.3),
  (27, 5, 2, 27.8, 1.64),
  (27, 29, 4, 364.9, 33.92),
  (28, 34, 2, 463.25, 38.54),
  (28, 61, 5, 359.84, 18.3),
  (28, 16, 3, 341.12, 20.81),
  (28, 15, 2, 366.75, 33.19),
  (28, 14, 3, 43.35, 3.85),
  (28, 57, 2, 459.96, 24.54),
  (28, 37, 1, 262.54, 14.74),
  (28, 84, 1, 177.15, 16.3),
  (28, 49, 5, 21.43, 1.77),
  (29, 35, 1, 48.92, 4.04),
  (29, 31, 4, 91.19, 7.47),
  (29, 79, 1, 235.48, 17.73),
  (29, 9, 5, 136.34, 12.84),
  (29, 39, 2, 71.15, 6.89),
  (29, 30, 4, 272.07, 17.77),
  (29, 76, 2, 224.12, 19.99),
  (30, 35, 1, 55.31, 5.0),
  (30, 98, 5, 88.67, 8.1),
  (30, 22, 4, 23.48, 1.48),
  (30, 27, 4, 489.79, 28.89),
  (30, 57, 1, 26.24, 2.38),
  (30, 100, 3, 412.36, 30.22),
  (30, 15, 3, 367.62, 21.22),
  (31, 19, 2, 328.84, 29.12),
  (31, 45, 3, 327.46, 29.51),
  (31, 52, 5, 394.1, 27.33),
  (31, 44, 3, 322.12, 26.5),
  (31, 99, 5, 81.21, 7.21),
  (32, 54, 2, 442.62, 39.62),
  (32, 56, 3, 77.87, 4.31),
  (32, 28, 3, 166.48, 15.99),
  (32, 13, 3, 289.4, 23.83),
  (32, 48, 1, 374.66, 23.74),
  (32, 32, 4, 239.64, 18.3),
  (32, 58, 1, 215.02, 12.29),
  (32, 76, 5, 110.68, 5.6),
  (33, 80, 5, 150.08, 9.96),
  (33, 72, 1, 94.34, 5.71),
  (33, 32, 3, 323.15, 28.15),
  (33, 84, 3, 336.11, 18.49),
  (33, 29, 5, 227.28, 19.45),
  (33, 100, 4, 154.66, 14.03),
  (33, 62, 2, 208.46, 18.99),
  (34, 73, 3, 437.29, 26.34),
  (34, 28, 3, 266.14, 19.34),
  (34, 1, 3, 204.64, 16.82),
  (34, 36, 3, 369.8, 20.05),
  (34, 67, 5, 480.42, 26.87),
  (34, 3, 3, 208.54, 11.92),
  (34, 29, 4, 266.4, 25.14),
  (34, 43, 1, 36.11, 2.08),
  (34, 19, 1, 485.04, 25.61),
  (35, 18, 4, 13.33, 0.85),
  (35, 69, 2, 255.6, 22.75),
  (35, 25, 5, 107.85, 7.79),
  (35, 21, 5, 342.03, 27.43),
  (35, 81, 2, 119.99, 10.76),
  (36, 46, 3, 193.31, 15.23),
  (36, 10, 1, 328.08, 21.6),
  (36, 84, 2, 20.13, 1.56),
  (36, 67, 1, 289.91, 21.56),
  (36, 8, 3, 99.58, 9.19),
  (36, 2, 4, 71.04, 4.61),
  (36, 65, 3, 107.97, 9.61),
  (36, 23, 2, 218.25, 19.4),
  (36, 97, 1, 130.4, 10.28),
  (37, 22, 5, 466.25, 25.36),
  (37, 10, 4, 233.22, 18.72),
  (37, 64, 5, 308.52, 18.05),
  (37, 62, 4, 203.09, 17.25),
  (37, 11, 4, 474.05, 27.63),
  (37, 60, 1, 170.5, 9.37),
  (37, 97, 2, 111.09, 10.01),
  (37, 83, 3, 10.48, 0.79),
  (38, 70, 1, 226.57, 13.37),
  (38, 7, 1, 239.48, 23.31),
  (38, 41, 3, 83.3, 6.35),
  (38, 48, 4, 374.66, 29.59),
  (38, 33, 2, 445.07, 25.97),
  (38, 42, 3, 45.68, 3.37),
  (39, 85, 2, 137.28, 7.82),
  (39, 31, 3, 405.26, 38.23),
  (39, 67, 3, 485.02, 25.35),
  (39, 98, 4, 258.81, 19.5),
  (39, 44, 5, 213.33, 20.84),
  (40, 46, 4, 405.07, 24.97),
  (40, 3, 1, 390.24, 29.68),
  (40, 26, 5, 37.0, 2.27),
  (40, 69, 1, 78.72, 4.99),
  (40, 31, 2, 139.42, 7.72),
  (40, 11, 4, 457.04, 22.97),
  (41, 54, 4, 466.76, 34.88),
  (41, 96, 3, 428.29, 25.92),
  (41, 24, 3, 474.94, 43.37),
  (41, 85, 4, 313.52, 16.28),
  (41, 31, 5, 305.76, 28.03),
  (41, 75, 1, 129.13, 7.95),
  (41, 63, 1, 447.47, 25.18),
  (41, 2, 1, 436.16, 43.47),
  (41, 69, 4, 257.95, 13.33),
  (41, 79, 4, 258.71, 16.76),
  (42, 16, 1, 414.92, 28.29),
  (42, 5, 4, 309.01, 17.02),
  (42, 14, 5, 363.8, 24.94),
  (42, 21, 1, 417.23, 33.22),
  (42, 23, 3, 53.0, 4.31),
  (43, 30, 3, 33.76, 2.79),
  (43, 56, 1, 151.57, 14.53),
  (43, 22, 3, 209.72, 18.72),
  (43, 52, 5, 93.94, 7.13),
  (43, 21, 1, 313.75, 31.02),
  (43, 53, 1, 378.83, 26.1),
  (43, 11, 1, 65.94, 4.15),
  (44, 9, 1, 30.24, 2.39),
  (44, 5, 1, 466.47, 40.31),
  (44, 19, 1, 213.43, 12.74),
  (44, 31, 3, 76.84, 7.21),
  (44, 85, 3, 246.27, 14.43),
  (44, 94, 4, 301.94, 22.07),
  (44, 8, 2, 458.53, 30.49),
  (44, 70, 2, 336.19, 32.44),
  (44, 34, 3, 312.83, 20.09),
  (45, 44, 5, 14.64, 1.05),
  (45, 86, 5, 233.62, 15.89),
  (45, 83, 3, 287.02, 15.5),
  (45, 31, 3, 18.18, 1.1),
  (45, 34, 1, 347.69, 28.47),
  (45, 96, 4, 183.82, 13.83),
  (45, 1, 1, 195.72, 13.89),
  (45, 5, 4, 293.18, 23.32),
  (45, 82, 1, 288.83, 27.35),
  (45, 88, 3, 393.41, 24.05),
  (46, 78, 2, 86.42, 6.49),
  (46, 14, 5, 467.98, 46.04),
  (46, 65, 4, 428.62, 25.19),
  (46, 60, 2, 58.4, 4.79),
  (46, 25, 2, 234.9, 12.3),
  (47, 52, 3, 467.28, 23.64),
  (47, 31, 3, 331.38, 27.38),
  (47, 97, 2, 109.36, 6.35),
  (47, 37, 2, 469.4, 42.34),
  (47, 70, 5, 199.41, 14.37),
  (47, 59, 2, 45.66, 3.34),
  (48, 96, 1, 218.55, 18.77),
  (48, 81, 1, 85.58, 8.36),
  (48, 93, 1, 285.3, 21.26),
  (48, 54, 5, 76.57, 5.12),
  (48, 34, 4, 464.49, 34.36),
  (48, 39, 5, 103.23, 5.47),
  (48, 38, 4, 21.22, 1.62),
  (48, 66, 5, 428.26, 33.87),
  (49, 16, 1, 141.9, 13.65),
  (49, 21, 4, 372.53, 25.5),
  (49, 29, 3, 302.63, 21.18),
  (49, 96, 3, 448.94, 22.89),
  (49, 61, 3, 486.4, 46.91),
  (50, 23, 5, 156.95, 15.39),
  (50, 60, 5, 359.89, 26.53),
  (50, 83, 2, 198.79, 12.88),
  (50, 27, 2, 97.43, 9.27),
  (50, 58, 4, 433.42, 38.4),
  (51, 11, 5, 38.26, 1.93),
  (51, 85, 4, 34.08, 2.38),
  (51, 1, 4, 487.93, 25.12),
  (51, 5, 1, 115.53, 10.05),
  (51, 54, 2, 346.08, 25.76),
  (51, 14, 1, 60.34, 4.53),
  (51, 3, 4, 335.45, 22.93),
  (51, 80, 2, 284.1, 15.99),
  (52, 93, 4, 126.73, 9.4),
  (52, 19, 3, 157.72, 14.94),
  (52, 92, 2, 326.69, 26.03),
  (52, 32, 2, 68.88, 5.91),
  (52, 34, 2, 102.2, 8.48),
  (52, 28, 1, 301.04, 27.85),
  (52, 81, 3, 62.95, 4.92),
  (53, 74, 2, 239.51, 14.67),
  (53, 90, 5, 285.71, 26.41),
  (53, 87, 1, 422.55, 42.19),
  (53, 91, 2, 238.73, 17.65),
  (53, 23, 1, 153.44, 9.93),
  (53, 38, 1, 158.8, 11.77),
  (53, 84, 2, 93.27, 6.97),
  (53, 68, 3, 400.45, 30.82),
  (54, 24, 2, 258.85, 13.33),
  (54, 69, 2, 442.41, 29.69),
  (54, 35, 5, 116.16, 11.23),
  (54, 48, 2, 140.43, 13.34),
  (54, 39, 2, 373.83, 21.12),
  (55, 82, 4, 461.5, 38.09),
  (55, 64, 3, 490.46, 48.27),
  (55, 19, 4, 134.49, 7.54),
  (55, 10, 2, 32.65, 1.78),
  (55, 46, 1, 384.68, 28.35),
  (56, 35, 4, 86.99, 5.29),
  (56, 10, 3, 17.44, 1.58),
  (56, 48, 5, 179.63, 13.37),
  (56, 54, 3, 222.91, 13.12),
  (56, 39, 3, 455.26, 45.41),
  (56, 50, 2, 196.93, 19.28),
  (56, 91, 3, 402.11, 24.0),
  (56, 1, 1, 271.05, 19.57),
  (56, 18, 4, 235.36, 12.41),
  (57, 13, 1, 245.11, 23.66),
  (57, 9, 5, 291.19, 20.43),
  (57, 29, 2, 489.99, 37.03),
  (57, 56, 2, 427.55, 23.96),
  (57, 66, 3, 29.05, 1.65),
  (57, 2, 4, 20.5, 1.32),
  (57, 43, 2, 22.11, 1.77),
  (57, 34, 1, 414.71, 26.61),
  (57, 52, 3, 103.51, 9.55),
  (57, 71, 4, 367.98, 35.68),
  (58, 96, 2, 449.75, 30.02),
  (58, 59, 5, 437.7, 41.29),
  (58, 99, 2, 176.6, 14.55),
  (58, 45, 2, 386.52, 35.17),
  (58, 87, 3, 381.58, 27.77),
  (58, 80, 1, 91.22, 7.01),
  (59, 87, 5, 185.68, 15.62),
  (59, 44, 4, 474.22, 46.94),
  (59, 94, 1, 206.97, 17.21),
  (59, 88, 4, 156.03, 9.77),
  (59, 71, 3, 313.43, 20.95),
  (59, 85, 4, 496.17, 38.97),
  (59, 5, 2, 141.24, 13.13),
  (59, 51, 2, 466.51, 24.9),
  (59, 50, 5, 420.54, 29.51),
  (60, 49, 2, 393.03, 20.79),
  (60, 93, 1, 172.09, 13.0),
  (60, 43, 4, 383.37, 24.42),
  (60, 75, 5, 354.15, 31.51),
  (60, 48, 3, 430.99, 28.73),
  (61, 53, 5, 375.4, 26.46),
  (61, 44, 4, 300.52, 24.68),
  (61, 39, 4, 467.36, 39.79),
  (61, 24, 2, 89.4, 7.92),
  (61, 80, 2, 233.2, 22.59),
  (62, 50, 3, 63.94, 4.38),
  (62, 8, 2, 402.55, 34.72),
  (62, 39, 1, 295.81, 17.0),
  (62, 100, 4, 102.55, 10.24),
  (62, 55, 4, 447.19, 34.78),
  (63, 84, 1, 15.62, 1.37),
  (63, 79, 5, 135.22, 11.97),
  (63, 73, 4, 449.09, 35.7),
  (63, 74, 4, 411.99, 29.94),
  (63, 48, 3, 200.36, 14.81),
  (63, 57, 1, 62.77, 3.51),
  (64, 13, 4, 42.88, 4.11),
  (64, 59, 3, 202.91, 12.88),
  (64, 35, 2, 465.12, 40.47),
  (64, 27, 2, 439.96, 43.54),
  (64, 7, 5, 467.04, 35.02),
  (64, 19, 2, 65.56, 5.52),
  (64, 3, 3, 329.74, 20.26),
  (64, 93, 3, 99.0, 5.12),
  (64, 94, 5, 121.97, 8.41),
  (64, 54, 2, 284.3, 18.84),
  (65, 19, 5, 490.14, 47.41),
  (65, 31, 5, 496.78, 43.49),
  (65, 21, 4, 257.27, 25.29),
  (65, 65, 2, 371.89, 36.03),
  (65, 52, 4, 475.4, 37.03),
  (66, 71, 2, 164.25, 14.88),
  (66, 64, 2, 473.08, 37.36),
  (66, 3, 3, 410.07, 27.78),
  (66, 59, 5, 243.94, 19.88),
  (66, 49, 3, 471.86, 39.39),
  (66, 58, 5, 103.19, 7.55),
  (66, 35, 4, 436.82, 37.48),
  (66, 98, 1, 171.86, 10.81),
  (66, 50, 1, 133.2, 12.77),
  (66, 41, 5, 208.7, 18.66),
  (67, 56, 4, 320.79, 21.16),
  (67, 36, 2, 275.27, 13.89),
  (67, 94, 1, 454.49, 44.39),
  (67, 69, 5, 339.24, 22.93),
  (67, 48, 5, 269.41, 24.79),
  (68, 43, 2, 257.78, 16.47),
  (68, 18, 4, 117.89, 6.52),
  (68, 6, 3, 72.15, 4.92),
  (68, 3, 4, 250.5, 22.72),
  (68, 24, 4, 370.63, 32.44),
  (68, 21, 2, 63.93, 3.38),
  (69, 28, 5, 390.93, 37.42),
  (69, 82, 1, 416.89, 32.74),
  (69, 39, 2, 375.61, 21.45),
  (69, 89, 2, 368.01, 36.66),
  (69, 77, 5, 382.08, 21.59),
  (69, 71, 2, 381.13, 34.55),
  (69, 84, 5, 155.08, 9.09),
  (69, 32, 5, 38.09, 2.26),
  (69, 92, 1, 307.47, 20.37),
  (70, 81, 3, 10.97, 1.02),
  (70, 21, 5, 444.46, 24.69),
  (70, 83, 1, 190.34, 14.24),
  (70, 75, 1, 376.91, 35.3),
  (70, 94, 5, 76.21, 7.04),
  (71, 45, 3, 344.13, 33.8),
  (71, 25, 3, 241.35, 16.3),
  (71, 9, 3, 271.05, 19.05),
  (71, 87, 5, 281.86, 25.7),
  (71, 63, 4, 85.12, 6.42),
  (71, 23, 3, 22.01, 1.84),
  (71, 79, 2, 205.71, 12.13),
  (71, 52, 2, 80.81, 5.01),
  (71, 82, 1, 167.28, 14.84),
  (71, 18, 3, 271.37, 20.74),
  (72, 80, 1, 118.53, 11.71),
  (72, 23, 2, 417.3, 29.24),
  (72, 92, 3, 460.23, 26.17),
  (72, 86, 1, 486.16, 44.36),
  (72, 93, 4, 80.96, 6.06),
  (72, 81, 1, 18.07, 1.77),
  (72, 68, 4, 360.87, 34.72),
  (72, 12, 3, 397.58, 34.66),
  (73, 2, 1, 168.13, 16.2),
  (73, 98, 5, 224.07, 17.63),
  (73, 99, 2, 263.4, 13.36),
  (73, 28, 3, 350.44, 19.99),
  (73, 86, 2, 497.93, 31.66),
  (73, 35, 1, 33.06, 3.06),
  (73, 82, 1, 314.68, 19.58),
  (74, 74, 5, 268.57, 17.78),
  (74, 23, 4, 294.99, 19.17),
  (74, 5, 4, 254.31, 19.4),
  (74, 10, 1, 382.55, 26.64),
  (74, 39, 5, 97.18, 7.39),
  (74, 14, 2, 74.14, 6.27),
  (74, 15, 5, 410.23, 27.26),
  (74, 85, 3, 96.6, 8.8),
  (75, 86, 5, 99.72, 9.21),
  (75, 91, 5, 474.9, 40.13),
  (75, 93, 2, 324.28, 24.54),
  (75, 47, 1, 166.69, 14.09),
  (75, 8, 1, 307.3, 19.45),
  (76, 83, 2, 388.2, 29.43),
  (76, 74, 3, 175.75, 13.98),
  (76, 98, 4, 365.63, 29.72),
  (76, 66, 5, 294.57, 26.34),
  (76, 100, 1, 149.87, 11.47),
  (76, 30, 5, 330.62, 27.74),
  (76, 47, 3, 353.23, 20.71),
  (76, 23, 5, 451.74, 40.5),
  (77, 21, 1, 372.69, 33.63),
  (77, 75, 3, 438.49, 32.42),
  (77, 84, 1, 239.01, 20.98),
  (77, 44, 4, 405.78, 33.59),
  (77, 39, 5, 358.16, 27.03),
  (77, 65, 4, 18.65, 1.64),
  (77, 58, 5, 339.43, 18.21),
  (78, 65, 1, 468.18, 25.93),
  (78, 48, 1, 445.55, 25.9),
  (78, 72, 4, 44.89, 3.83),
  (78, 76, 2, 246.68, 23.78),
  (78, 5, 1, 492.66, 39.9),
  (79, 3, 1, 397.88, 37.49),
  (79, 75, 2, 135.03, 8.72),
  (79, 84, 3, 260.13, 20.32),
  (79, 38, 4, 444.73, 28.23),
  (79, 25, 5, 446.1, 36.33),
  (80, 62, 5, 498.31, 25.73),
  (80, 75, 3, 245.94, 24.32),
  (80, 65, 5, 59.67, 4.93),
  (80, 60, 5, 173.67, 12.85),
  (80, 84, 5, 141.58, 11.43),
  (81, 6, 1, 22.36, 1.42),
  (81, 41, 5, 43.45, 4.02),
  (81, 57, 4, 221.05, 21.19),
  (81, 83, 2, 102.54, 5.16),
  (81, 85, 3, 78.79, 7.12),
  (81, 3, 1, 341.23, 29.04),
  (81, 39, 2, 314.21, 23.56),
  (81, 70, 5, 416.39, 39.37),
  (81, 17, 4, 57.15, 3.89),
  (81, 69, 4, 314.95, 18.79),
  (82, 4, 2, 240.43, 17.29),
  (82, 13, 2, 465.25, 39.79),
  (82, 72, 3, 427.54, 28.75),
  (82, 1, 1, 80.88, 6.52),
  (82, 66, 1, 253.98, 25.28),
  (82, 83, 2, 243.34, 14.0),
  (82, 48, 3, 474.13, 26.34),
  (82, 75, 5, 358.01, 31.36),
  (82, 77, 1, 481.78, 46.09),
  (83, 71, 1, 486.62, 45.83),
  (83, 98, 2, 424.67, 37.04),
  (83, 7, 2, 238.89, 12.28),
  (83, 96, 2, 445.91, 43.54),
  (83, 33, 1, 266.89, 21.68),
  (83, 1, 2, 469.2, 41.22),
  (83, 17, 3, 343.53, 20.68),
  (83, 58, 4, 277.3, 20.69),
  (83, 44, 5, 102.67, 6.95),
  (83, 68, 1, 371.84, 33.92),
  (84, 96, 4, 341.72, 22.92),
  (84, 6, 2, 12.59, 0.74),
  (84, 32, 2, 303.94, 15.58),
  (84, 100, 3, 378.62, 28.41),
  (84, 51, 4, 236.25, 23.47),
  (84, 56, 1, 139.92, 7.08),
  (85, 38, 4, 269.06, 15.66),
  (85, 75, 5, 314.89, 19.7),
  (85, 8, 4, 100.28, 7.24),
  (85, 90, 2, 465.64, 44.03),
  (85, 5, 4, 216.9, 16.51),
  (85, 44, 4, 42.66, 2.95),
  (85, 93, 5, 79.47, 5.25),
  (85, 67, 4, 33.12, 2.01),
  (85, 97, 1, 490.63, 27.21),
  (85, 81, 1, 102.51, 6.65),
  (86, 57, 4, 410.96, 33.35),
  (86, 56, 3, 218.4, 16.33),
  (86, 41, 4, 388.53, 23.64),
  (86, 11, 5, 21.36, 1.15),
  (86, 67, 4, 126.31, 8.06),
  (86, 81, 3, 427.12, 22.75),
  (86, 59, 5, 482.5, 32.91),
  (86, 88, 3, 52.63, 3.68),
  (87, 80, 1, 234.85, 20.4),
  (87, 47, 5, 133.93, 8.38),
  (87, 82, 1, 334.95, 18.95),
  (87, 15, 2, 284.69, 19.17),
  (87, 73, 4, 257.83, 13.4),
  (87, 25, 5, 58.93, 4.02),
  (87, 20, 5, 386.78, 36.05),
  (87, 59, 2, 287.3, 17.36),
  (87, 87, 4, 217.99, 16.82),
  (88, 66, 3, 273.82, 24.89),
  (88, 22, 2, 179.46, 11.49),
  (88, 7, 1, 23.44, 1.87),
  (88, 59, 4, 30.38, 2.68),
  (88, 39, 1, 75.04, 4.22),
  (88, 90, 5, 20.79, 1.63),
  (88, 60, 2, 386.65, 24.49),
  (88, 63, 4, 297.09, 16.14),
  (89, 91, 3, 222.16, 20.98),
  (89, 25, 4, 174.82, 15.62),
  (89, 92, 1, 256.56, 23.02),
  (89, 6, 1, 268.66, 13.8),
  (89, 30, 4, 213.55, 21.34),
  (90, 76, 2, 411.41, 32.86),
  (90, 37, 1, 166.62, 14.84),
  (90, 22, 2, 300.86, 28.2),
  (90, 98, 2, 199.1, 16.24),
  (90, 53, 5, 431.17, 32.24),
  (91, 95, 5, 251.72, 17.03),
  (91, 88, 4, 464.46, 23.46),
  (91, 12, 5, 145.51, 10.94),
  (91, 59, 5, 352.41, 30.17),
  (91, 52, 5, 177.58, 17.16),
  (91, 69, 5, 144.77, 9.27),
  (91, 65, 3, 429.64, 24.29),
  (91, 64, 4, 366.56, 32.37),
  (91, 31, 5, 493.16, 24.97),
  (91, 71, 4, 46.91, 3.59),
  (92, 13, 3, 389.37, 34.87),
  (92, 60, 4, 226.57, 16.29),
  (92, 28, 3, 220.14, 12.05),
  (92, 11, 1, 452.62, 44.67),
  (92, 6, 3, 54.34, 4.16),
  (92, 74, 5, 342.11, 30.86),
  (92, 77, 3, 309.29, 30.56),
  (93, 81, 2, 154.04, 13.29),
  (93, 49, 4, 351.2, 22.54),
  (93, 69, 5, 467.67, 31.46),
  (93, 62, 1, 393.03, 33.48),
  (93, 59, 2, 360.14, 27.87),
  (93, 5, 4, 174.29, 12.29),
  (93, 44, 4, 374.31, 37.4),
  (93, 6, 5, 200.13, 11.12),
  (94, 55, 1, 233.23, 17.22),
  (94, 97, 1, 115.2, 10.61),
  (94, 21, 3, 416.43, 31.28),
  (94, 65, 1, 70.46, 3.91),
  (94, 45, 5, 126.99, 9.27),
  (94, 16, 1, 275.61, 16.74),
  (94, 56, 3, 447.57, 34.82),
  (94, 52, 3, 80.6, 7.03),
  (95, 17, 5, 191.03, 10.33),
  (95, 89, 3, 189.11, 15.64),
  (95, 7, 4, 301.15, 15.24),
  (95, 81, 4, 310.02, 19.68),
  (95, 14, 3, 39.17, 3.25),
  (95, 90, 1, 107.24, 5.78),
  (95, 99, 4, 90.27, 8.13),
  (96, 84, 1, 125.37, 8.9),
  (96, 80, 5, 80.87, 4.1),
  (96, 71, 1, 174.31, 12.83),
  (96, 11, 5, 443.39, 38.99),
  (96, 67, 2, 386.45, 25.92),
  (96, 70, 3, 101.38, 6.32),
  (96, 25, 2, 293.97, 20.62),
  (97, 63, 4, 19.33, 1.36),
  (97, 52, 2, 267.81, 23.69),
  (97, 57, 5, 209.03, 15.94),
  (97, 79, 4, 84.05, 7.12),
  (97, 40, 3, 85.09, 4.27),
  (98, 31, 5, 454.04, 35.02),
  (98, 93, 5, 471.93, 40.49),
  (98, 53, 2, 185.27, 13.9),
  (98, 29, 5, 213.87, 14.42),
  (98, 38, 4, 71.25, 5.73),
  (98, 30, 4, 123.7, 6.84),
  (98, 34, 3, 304.99, 21.14),
  (98, 69, 5, 266.06, 17.59),
  (99, 52, 3, 336.21, 28.23),
  (99, 30, 1, 322.05, 21.98),
  (99, 33, 4, 110.74, 10.69),
  (99, 50, 1, 167.99, 13.0),
  (99, 76, 2, 413.97, 30.85),
  (100, 79, 4, 268.22, 21.22),
  (100, 97, 3, 326.58, 21.05),
  (100, 56, 4, 349.59, 29.98),
  (100, 25, 4, 158.84, 10.98),
  (100, 58, 5, 363.68, 34.23);

-- Insert Payments (omit Payment_ID)
INSERT INTO Payment (Order_ID, Method, Payment_Status, Created_At, Updated_At)
VALUES
  (1, 'Credit Card', 'Completed', DATEADD(day, -15, GETUTCDATE()), DATEADD(hour, 7, DATEADD(day, -15, GETUTCDATE()))),
  (2, 'PayPal', 'Completed', DATEADD(day, -12, GETUTCDATE()), DATEADD(hour, 3, DATEADD(day, -12, GETUTCDATE()))),
  (3, 'Gift Card', 'Completed', DATEADD(day, -3, GETUTCDATE()), DATEADD(hour, 6, DATEADD(day, -3, GETUTCDATE()))),
  (4, 'Debit Card', 'Completed', DATEADD(day, -17, GETUTCDATE()), DATEADD(hour, 5, DATEADD(day, -17, GETUTCDATE()))),
  (5, 'Apple Pay', 'Pending', DATEADD(day, -21, GETUTCDATE()), DATEADD(hour, 25, DATEADD(day, -21, GETUTCDATE()))),
  (6, 'Debit Card', 'Completed', DATEADD(day, -10, GETUTCDATE()), DATEADD(hour, 39, DATEADD(day, -10, GETUTCDATE()))),
  (7, 'Gift Card', 'Completed', DATEADD(day, -23, GETUTCDATE()), DATEADD(hour, 8, DATEADD(day, -23, GETUTCDATE()))),
  (8, 'Credit Card', 'Pending', DATEADD(day, -17, GETUTCDATE()), DATEADD(hour, 28, DATEADD(day, -17, GETUTCDATE()))),
  (9, 'Bank Transfer', 'Completed', DATEADD(day, -17, GETUTCDATE()), DATEADD(hour, 31, DATEADD(day, -17, GETUTCDATE()))),
  (10, 'Apple Pay', 'Completed', DATEADD(day, -7, GETUTCDATE()), DATEADD(hour, 35, DATEADD(day, -7, GETUTCDATE()))),
  (11, 'Apple Pay', 'Completed', DATEADD(day, -13, GETUTCDATE()), DATEADD(hour, 20, DATEADD(day, -13, GETUTCDATE()))),
  (12, 'Bank Transfer', 'Pending', DATEADD(day, -2, GETUTCDATE()), DATEADD(hour, 15, DATEADD(day, -2, GETUTCDATE()))),
  (13, 'Credit Card', 'Completed', DATEADD(day, -13, GETUTCDATE()), DATEADD(hour, 20, DATEADD(day, -13, GETUTCDATE()))),
  (14, 'Gift Card', 'Failed', DATEADD(day, -14, GETUTCDATE()), DATEADD(hour, 17, DATEADD(day, -14, GETUTCDATE()))),
  (15, 'Bank Transfer', 'Completed', DATEADD(day, -19, GETUTCDATE()), DATEADD(hour, 6, DATEADD(day, -19, GETUTCDATE()))),
  (16, 'Gift Card', 'Completed', DATEADD(day, -11, GETUTCDATE()), DATEADD(hour, 36, DATEADD(day, -11, GETUTCDATE()))),
  (17, 'Debit Card', 'Pending', DATEADD(day, -14, GETUTCDATE()), DATEADD(hour, 39, DATEADD(day, -14, GETUTCDATE()))),
  (18, 'Gift Card', 'Pending', DATEADD(day, -6, GETUTCDATE()), DATEADD(hour, 13, DATEADD(day, -6, GETUTCDATE()))),
  (19, 'Debit Card', 'Completed', DATEADD(day, -20, GETUTCDATE()), DATEADD(hour, 21, DATEADD(day, -20, GETUTCDATE()))),
  (20, 'Credit Card', 'Completed', DATEADD(day, -5, GETUTCDATE()), DATEADD(hour, 10, DATEADD(day, -5, GETUTCDATE()))),
  (21, 'Bank Transfer', 'Completed', DATEADD(day, -26, GETUTCDATE()), DATEADD(hour, 39, DATEADD(day, -26, GETUTCDATE()))),
  (22, 'Gift Card', 'Refunded', DATEADD(day, -15, GETUTCDATE()), DATEADD(hour, 16, DATEADD(day, -15, GETUTCDATE()))),
  (23, 'Bank Transfer', 'Completed', DATEADD(day, -5, GETUTCDATE()), DATEADD(hour, 27, DATEADD(day, -5, GETUTCDATE()))),
  (24, 'Gift Card', 'Pending', DATEADD(day, -12, GETUTCDATE()), DATEADD(hour, 17, DATEADD(day, -12, GETUTCDATE()))),
  (25, 'Credit Card', 'Pending', DATEADD(day, -21, GETUTCDATE()), DATEADD(hour, 7, DATEADD(day, -21, GETUTCDATE()))),
  (26, 'Credit Card', 'Completed', DATEADD(day, -25, GETUTCDATE()), DATEADD(hour, 28, DATEADD(day, -25, GETUTCDATE()))),
  (27, 'Apple Pay', 'Failed', DATEADD(day, -24, GETUTCDATE()), DATEADD(hour, 23, DATEADD(day, -24, GETUTCDATE()))),
  (28, 'Gift Card', 'Pending', DATEADD(day, -20, GETUTCDATE()), DATEADD(hour, 25, DATEADD(day, -20, GETUTCDATE()))),
  (29, 'Apple Pay', 'Completed', DATEADD(day, -14, GETUTCDATE()), DATEADD(hour, 2, DATEADD(day, -14, GETUTCDATE()))),
  (30, 'Apple Pay', 'Failed', DATEADD(day, -26, GETUTCDATE()), DATEADD(hour, 27, DATEADD(day, -26, GETUTCDATE()))),
  (31, 'Debit Card', 'Completed', DATEADD(day, -8, GETUTCDATE()), DATEADD(hour, 4, DATEADD(day, -8, GETUTCDATE()))),
  (32, 'Gift Card', 'Completed', DATEADD(day, -9, GETUTCDATE()), DATEADD(hour, 27, DATEADD(day, -9, GETUTCDATE()))),
  (33, 'PayPal', 'Completed', DATEADD(day, -21, GETUTCDATE()), DATEADD(hour, 44, DATEADD(day, -21, GETUTCDATE()))),
  (34, 'Gift Card', 'Completed', DATEADD(day, -18, GETUTCDATE()), DATEADD(hour, 42, DATEADD(day, -18, GETUTCDATE()))),
  (35, 'Gift Card', 'Failed', DATEADD(day, -2, GETUTCDATE()), DATEADD(hour, 40, DATEADD(day, -2, GETUTCDATE()))),
  (36, 'Credit Card', 'Completed', DATEADD(day, -11, GETUTCDATE()), DATEADD(hour, 47, DATEADD(day, -11, GETUTCDATE()))),
  (37, 'PayPal', 'Completed', DATEADD(day, -3, GETUTCDATE()), DATEADD(hour, 29, DATEADD(day, -3, GETUTCDATE()))),
  (38, 'Bank Transfer', 'Failed', DATEADD(day, -4, GETUTCDATE()), DATEADD(hour, 43, DATEADD(day, -4, GETUTCDATE()))),
  (39, 'Apple Pay', 'Completed', DATEADD(day, -11, GETUTCDATE()), DATEADD(hour, 44, DATEADD(day, -11, GETUTCDATE()))),
  (40, 'Apple Pay', 'Pending', DATEADD(day, -16, GETUTCDATE()), DATEADD(hour, 0, DATEADD(day, -16, GETUTCDATE()))),
  (41, 'Debit Card', 'Refunded', DATEADD(day, -8, GETUTCDATE()), DATEADD(hour, 33, DATEADD(day, -8, GETUTCDATE()))),
  (42, 'Apple Pay', 'Completed', DATEADD(day, -9, GETUTCDATE()), DATEADD(hour, 40, DATEADD(day, -9, GETUTCDATE()))),
  (43, 'Credit Card', 'Completed', DATEADD(day, -27, GETUTCDATE()), DATEADD(hour, 15, DATEADD(day, -27, GETUTCDATE()))),
  (44, 'Debit Card', 'Pending', DATEADD(day, -8, GETUTCDATE()), DATEADD(hour, 32, DATEADD(day, -8, GETUTCDATE()))),
  (45, 'Credit Card', 'Completed', DATEADD(day, -7, GETUTCDATE()), DATEADD(hour, 6, DATEADD(day, -7, GETUTCDATE()))),
  (46, 'Bank Transfer', 'Completed', DATEADD(day, -24, GETUTCDATE()), DATEADD(hour, 44, DATEADD(day, -24, GETUTCDATE()))),
  (47, 'Gift Card', 'Completed', DATEADD(day, -25, GETUTCDATE()), DATEADD(hour, 16, DATEADD(day, -25, GETUTCDATE()))),
  (48, 'Gift Card', 'Completed', DATEADD(day, -28, GETUTCDATE()), DATEADD(hour, 9, DATEADD(day, -28, GETUTCDATE()))),
  (49, 'Gift Card', 'Pending', DATEADD(day, -8, GETUTCDATE()), DATEADD(hour, 12, DATEADD(day, -8, GETUTCDATE()))),
  (50, 'PayPal', 'Completed', DATEADD(day, -2, GETUTCDATE()), DATEADD(hour, 3, DATEADD(day, -2, GETUTCDATE()))),
  (51, 'Debit Card', 'Completed', DATEADD(day, -11, GETUTCDATE()), DATEADD(hour, 41, DATEADD(day, -11, GETUTCDATE()))),
  (52, 'PayPal', 'Pending', DATEADD(day, -16, GETUTCDATE()), DATEADD(hour, 32, DATEADD(day, -16, GETUTCDATE()))),
  (53, 'Apple Pay', 'Failed', DATEADD(day, -19, GETUTCDATE()), DATEADD(hour, 6, DATEADD(day, -19, GETUTCDATE()))),
  (54, 'PayPal', 'Pending', DATEADD(day, -28, GETUTCDATE()), DATEADD(hour, 9, DATEADD(day, -28, GETUTCDATE()))),
  (55, 'Apple Pay', 'Completed', DATEADD(day, -11, GETUTCDATE()), DATEADD(hour, 23, DATEADD(day, -11, GETUTCDATE()))),
  (56, 'PayPal', 'Completed', DATEADD(day, -1, GETUTCDATE()), DATEADD(hour, 2, DATEADD(day, -1, GETUTCDATE()))),
  (57, 'Debit Card', 'Refunded', DATEADD(day, -8, GETUTCDATE()), DATEADD(hour, 3, DATEADD(day, -8, GETUTCDATE()))),
  (58, 'Credit Card', 'Completed', DATEADD(day, -4, GETUTCDATE()), DATEADD(hour, 4, DATEADD(day, -4, GETUTCDATE()))),
  (59, 'Gift Card', 'Completed', DATEADD(day, -3, GETUTCDATE()), DATEADD(hour, 31, DATEADD(day, -3, GETUTCDATE()))),
  (60, 'Credit Card', 'Completed', DATEADD(day, -7, GETUTCDATE()), DATEADD(hour, 45, DATEADD(day, -7, GETUTCDATE()))),
  (61, 'Gift Card', 'Completed', DATEADD(day, -9, GETUTCDATE()), DATEADD(hour, 8, DATEADD(day, -9, GETUTCDATE()))),
  (62, 'PayPal', 'Completed', DATEADD(day, -1, GETUTCDATE()), DATEADD(hour, 27, DATEADD(day, -1, GETUTCDATE()))),
  (63, 'Bank Transfer', 'Completed', DATEADD(day, -30, GETUTCDATE()), DATEADD(hour, 5, DATEADD(day, -30, GETUTCDATE()))),
  (64, 'Apple Pay', 'Completed', DATEADD(day, -29, GETUTCDATE()), DATEADD(hour, 21, DATEADD(day, -29, GETUTCDATE()))),
  (65, 'PayPal', 'Completed', DATEADD(day, -13, GETUTCDATE()), DATEADD(hour, 29, DATEADD(day, -13, GETUTCDATE()))),
  (66, 'Credit Card', 'Completed', DATEADD(day, -5, GETUTCDATE()), DATEADD(hour, 20, DATEADD(day, -5, GETUTCDATE()))),
  (67, 'Apple Pay', 'Pending', DATEADD(day, -20, GETUTCDATE()), DATEADD(hour, 17, DATEADD(day, -20, GETUTCDATE()))),
  (68, 'Debit Card', 'Completed', DATEADD(day, -14, GETUTCDATE()), DATEADD(hour, 16, DATEADD(day, -14, GETUTCDATE()))),
  (69, 'PayPal', 'Completed', DATEADD(day, -14, GETUTCDATE()), DATEADD(hour, 48, DATEADD(day, -14, GETUTCDATE()))),
  (70, 'Gift Card', 'Completed', DATEADD(day, -13, GETUTCDATE()), DATEADD(hour, 4, DATEADD(day, -13, GETUTCDATE()))),
  (71, 'Credit Card', 'Completed', DATEADD(day, -8, GETUTCDATE()), DATEADD(hour, 24, DATEADD(day, -8, GETUTCDATE()))),
  (72, 'Debit Card', 'Completed', DATEADD(day, -7, GETUTCDATE()), DATEADD(hour, 15, DATEADD(day, -7, GETUTCDATE()))),
  (73, 'Gift Card', 'Completed', DATEADD(day, -15, GETUTCDATE()), DATEADD(hour, 12, DATEADD(day, -15, GETUTCDATE()))),
  (74, 'Apple Pay', 'Completed', DATEADD(day, -12, GETUTCDATE()), DATEADD(hour, 20, DATEADD(day, -12, GETUTCDATE()))),
  (75, 'PayPal', 'Pending', DATEADD(day, -14, GETUTCDATE()), DATEADD(hour, 8, DATEADD(day, -14, GETUTCDATE()))),
  (76, 'Credit Card', 'Pending', DATEADD(day, -22, GETUTCDATE()), DATEADD(hour, 36, DATEADD(day, -22, GETUTCDATE()))),
  (77, 'Gift Card', 'Completed', DATEADD(day, -16, GETUTCDATE()), DATEADD(hour, 38, DATEADD(day, -16, GETUTCDATE()))),
  (78, 'Gift Card', 'Completed', DATEADD(day, -17, GETUTCDATE()), DATEADD(hour, 21, DATEADD(day, -17, GETUTCDATE()))),
  (79, 'Gift Card', 'Completed', DATEADD(day, -28, GETUTCDATE()), DATEADD(hour, 20, DATEADD(day, -28, GETUTCDATE()))),
  (80, 'Gift Card', 'Completed', DATEADD(day, -8, GETUTCDATE()), DATEADD(hour, 27, DATEADD(day, -8, GETUTCDATE()))),
  (81, 'PayPal', 'Completed', DATEADD(day, -10, GETUTCDATE()), DATEADD(hour, 1, DATEADD(day, -10, GETUTCDATE()))),
  (82, 'Debit Card', 'Failed', DATEADD(day, -3, GETUTCDATE()), DATEADD(hour, 20, DATEADD(day, -3, GETUTCDATE()))),
  (83, 'Apple Pay', 'Completed', DATEADD(day, -25, GETUTCDATE()), DATEADD(hour, 42, DATEADD(day, -25, GETUTCDATE()))),
  (84, 'Apple Pay', 'Completed', DATEADD(day, -16, GETUTCDATE()), DATEADD(hour, 37, DATEADD(day, -16, GETUTCDATE()))),
  (85, 'Credit Card', 'Completed', DATEADD(day, -16, GETUTCDATE()), DATEADD(hour, 28, DATEADD(day, -16, GETUTCDATE()))),
  (86, 'Debit Card', 'Failed', DATEADD(day, -25, GETUTCDATE()), DATEADD(hour, 29, DATEADD(day, -25, GETUTCDATE()))),
  (87, 'Bank Transfer', 'Completed', DATEADD(day, -9, GETUTCDATE()), DATEADD(hour, 7, DATEADD(day, -9, GETUTCDATE()))),
  (88, 'Credit Card', 'Pending', DATEADD(day, -30, GETUTCDATE()), DATEADD(hour, 31, DATEADD(day, -30, GETUTCDATE()))),
  (89, 'Gift Card', 'Completed', DATEADD(day, -6, GETUTCDATE()), DATEADD(hour, 37, DATEADD(day, -6, GETUTCDATE()))),
  (90, 'PayPal', 'Completed', DATEADD(day, -2, GETUTCDATE()), DATEADD(hour, 10, DATEADD(day, -2, GETUTCDATE()))),
  (91, 'Bank Transfer', 'Completed', DATEADD(day, -21, GETUTCDATE()), DATEADD(hour, 18, DATEADD(day, -21, GETUTCDATE()))),
  (92, 'Gift Card', 'Failed', DATEADD(day, -25, GETUTCDATE()), DATEADD(hour, 3, DATEADD(day, -25, GETUTCDATE()))),
  (93, 'Gift Card', 'Completed', DATEADD(day, -2, GETUTCDATE()), DATEADD(hour, 29, DATEADD(day, -2, GETUTCDATE()))),
  (94, 'Bank Transfer', 'Completed', DATEADD(day, -27, GETUTCDATE()), DATEADD(hour, 44, DATEADD(day, -27, GETUTCDATE()))),
  (95, 'Gift Card', 'Completed', DATEADD(day, -6, GETUTCDATE()), DATEADD(hour, 44, DATEADD(day, -6, GETUTCDATE()))),
  (96, 'Apple Pay', 'Completed', DATEADD(day, -24, GETUTCDATE()), DATEADD(hour, 23, DATEADD(day, -24, GETUTCDATE()))),
  (97, 'Credit Card', 'Completed', DATEADD(day, -16, GETUTCDATE()), DATEADD(hour, 8, DATEADD(day, -16, GETUTCDATE()))),
  (98, 'PayPal', 'Completed', DATEADD(day, -23, GETUTCDATE()), DATEADD(hour, 13, DATEADD(day, -23, GETUTCDATE()))),
  (99, 'Apple Pay', 'Pending', DATEADD(day, -17, GETUTCDATE()), DATEADD(hour, 44, DATEADD(day, -17, GETUTCDATE()))),
  (100, 'Gift Card', 'Failed', DATEADD(day, -23, GETUTCDATE()), DATEADD(hour, 44, DATEADD(day, -23, GETUTCDATE())));

-- Insert Shipping Records (omit Shipping_ID, Created_At, Updated_At)
INSERT INTO Shipping (Order_ID, Cost, Shipped_On, Expected_By, Ship_Status, Carrier, Tracking_Number, Shipping_Address_ID, Billing_Address_ID)
VALUES
  (1, 16.76, DATEADD(day, -3, GETUTCDATE()), DATEADD(day, 6, DATEADD(day, -3, GETUTCDATE())), 'Pending', 'DHL', 'CGLQLTX4SFSO', 6, 3),
  (2, 13.78, DATEADD(day, -3, GETUTCDATE()), DATEADD(day, 3, DATEADD(day, -3, GETUTCDATE())), 'Delivered', 'FedEx', 'HH6KY8QQ1MIS', 7, 2),
  (3, 9.67, DATEADD(day, -8, GETUTCDATE()), DATEADD(day, 3, DATEADD(day, -8, GETUTCDATE())), 'Pending', 'UPS', '8JE860FTEPOT', 3, 6),
  (4, 19.18, DATEADD(day, -1, GETUTCDATE()), DATEADD(day, 6, DATEADD(day, -1, GETUTCDATE())), 'Returned', 'DHL', '839E8QZGOVH5', 6, 7),
  (5, 6.81, DATEADD(day, -0, GETUTCDATE()), DATEADD(day, 7, DATEADD(day, -0, GETUTCDATE())), 'Delivered', 'DHL', 'MRY35OP8MW2F', 2, 6),
  (6, 11.33, DATEADD(day, -5, GETUTCDATE()), DATEADD(day, 2, DATEADD(day, -5, GETUTCDATE())), 'Pending', 'DHL', 'JL6CHK5CQD74', 4, 1),
  (7, 5.6, DATEADD(day, -7, GETUTCDATE()), DATEADD(day, 6, DATEADD(day, -7, GETUTCDATE())), 'Pending', 'FedEx', 'UT8MLWEVHIJH', 4, 4),
  (8, 16.7, DATEADD(day, -9, GETUTCDATE()), DATEADD(day, 2, DATEADD(day, -9, GETUTCDATE())), 'Pending', 'FedEx', 'OK6E0BY6CYB9', 1, 4),
  (9, 8.18, DATEADD(day, -1, GETUTCDATE()), DATEADD(day, 2, DATEADD(day, -1, GETUTCDATE())), 'Shipped', 'DHL', '7QF01Y6PMT7B', 8, 5),
  (10, 12.38, DATEADD(day, -4, GETUTCDATE()), DATEADD(day, 7, DATEADD(day, -4, GETUTCDATE())), 'Returned', 'USPS', 'FS0ZNNGRRAHA', 9, 1),
  (11, 13.0, DATEADD(day, -2, GETUTCDATE()), DATEADD(day, 2, DATEADD(day, -2, GETUTCDATE())), 'Pending', 'UPS', 'YO1K97SY1717', 10, 5),
  (12, 10.71, DATEADD(day, -3, GETUTCDATE()), DATEADD(day, 4, DATEADD(day, -3, GETUTCDATE())), 'Shipped', 'DHL', 'WN8WOA3FXJHU', 2, 3),
  (13, 12.13, DATEADD(day, -9, GETUTCDATE()), DATEADD(day, 4, DATEADD(day, -9, GETUTCDATE())), 'Returned', 'FedEx', '2HCXDMPDLVCY', 6, 1),
  (14, 14.61, DATEADD(day, -7, GETUTCDATE()), DATEADD(day, 5, DATEADD(day, -7, GETUTCDATE())), 'Pending', 'UPS', 'QDZH43K00OKK', 4, 3),
  (15, 5.19, DATEADD(day, -5, GETUTCDATE()), DATEADD(day, 7, DATEADD(day, -5, GETUTCDATE())), 'Delivered', 'UPS', 'PLYICD3A785Z', 6, 6),
  (16, 11.92, DATEADD(day, -1, GETUTCDATE()), DATEADD(day, 5, DATEADD(day, -1, GETUTCDATE())), 'Returned', 'USPS', 'J6T2E96UR45E', 5, 5),
  (17, 7.66, DATEADD(day, -6, GETUTCDATE()), DATEADD(day, 5, DATEADD(day, -6, GETUTCDATE())), 'Shipped', 'USPS', 'YT5S8YFV29RI', 10, 6),
  (18, 8.45, DATEADD(day, -8, GETUTCDATE()), DATEADD(day, 3, DATEADD(day, -8, GETUTCDATE())), 'Pending', 'DHL', 'B8H2WCIKHQJH', 3, 9),
  (19, 18.09, DATEADD(day, -6, GETUTCDATE()), DATEADD(day, 2, DATEADD(day, -6, GETUTCDATE())), 'Pending', 'USPS', '6L3BVRJJQROP', 10, 3),
  (20, 13.39, DATEADD(day, -1, GETUTCDATE()), DATEADD(day, 4, DATEADD(day, -1, GETUTCDATE())), 'Pending', 'USPS', '8GEUTQV9ECSF', 8, 10),
  (21, 10.83, DATEADD(day, -5, GETUTCDATE()), DATEADD(day, 7, DATEADD(day, -5, GETUTCDATE())), 'Shipped', 'UPS', 'KB9C78J20GSC', 8, 7),
  (22, 10.98, DATEADD(day, -4, GETUTCDATE()), DATEADD(day, 6, DATEADD(day, -4, GETUTCDATE())), 'Shipped', 'UPS', '7XTRRW6I72WQ', 7, 1),
  (23, 17.58, DATEADD(day, -2, GETUTCDATE()), DATEADD(day, 7, DATEADD(day, -2, GETUTCDATE())), 'Shipped', 'DHL', '6KRJG05VW8GY', 5, 7),
  (24, 19.89, DATEADD(day, -8, GETUTCDATE()), DATEADD(day, 3, DATEADD(day, -8, GETUTCDATE())), 'Pending', 'DHL', '6M8K5PHDYNCG', 8, 4),
  (25, 19.21, DATEADD(day, -1, GETUTCDATE()), DATEADD(day, 6, DATEADD(day, -1, GETUTCDATE())), 'Delivered', 'FedEx', 'TTVNLCHAGJIF', 10, 9),
  (26, 17.92, DATEADD(day, -10, GETUTCDATE()), DATEADD(day, 2, DATEADD(day, -10, GETUTCDATE())), 'Pending', 'USPS', '96VGO9F6JXUV', 8, 9),
  (27, 14.1, DATEADD(day, -9, GETUTCDATE()), DATEADD(day, 6, DATEADD(day, -9, GETUTCDATE())), 'Shipped', 'DHL', 'P2LQ0GIJJ4JZ', 2, 7),
  (28, 8.68, DATEADD(day, -3, GETUTCDATE()), DATEADD(day, 3, DATEADD(day, -3, GETUTCDATE())), 'Delivered', 'FedEx', 'G3WCYXDAOGRW', 7, 3),
  (29, 19.74, DATEADD(day, -4, GETUTCDATE()), DATEADD(day, 4, DATEADD(day, -4, GETUTCDATE())), 'Returned', 'UPS', 'UO1O5Q4RIRL6', 7, 3),
  (30, 13.04, DATEADD(day, -5, GETUTCDATE()), DATEADD(day, 7, DATEADD(day, -5, GETUTCDATE())), 'Delivered', 'FedEx', 'O1N4S3BT7NDN', 4, 5),
  (31, 8.74, DATEADD(day, -0, GETUTCDATE()), DATEADD(day, 5, DATEADD(day, -0, GETUTCDATE())), 'Pending', 'FedEx', 'B604MIZMLXJU', 3, 8),
  (32, 6.43, DATEADD(day, -7, GETUTCDATE()), DATEADD(day, 2, DATEADD(day, -7, GETUTCDATE())), 'Delivered', 'UPS', 'PHJ9N80M1OBT', 7, 7),
  (33, 17.45, DATEADD(day, -3, GETUTCDATE()), DATEADD(day, 5, DATEADD(day, -3, GETUTCDATE())), 'Shipped', 'FedEx', 'O32Q8HRR3CBF', 1, 5),
  (34, 18.51, DATEADD(day, -6, GETUTCDATE()), DATEADD(day, 2, DATEADD(day, -6, GETUTCDATE())), 'Shipped', 'FedEx', '66O0ML7S1ZAY', 6, 3),
  (35, 16.47, DATEADD(day, -9, GETUTCDATE()), DATEADD(day, 6, DATEADD(day, -9, GETUTCDATE())), 'Shipped', 'USPS', 'FCTJANW86E2K', 6, 9),
  (36, 18.67, DATEADD(day, -5, GETUTCDATE()), DATEADD(day, 2, DATEADD(day, -5, GETUTCDATE())), 'Returned', 'UPS', 'J388BFLI9624', 8, 1),
  (37, 18.07, DATEADD(day, -9, GETUTCDATE()), DATEADD(day, 3, DATEADD(day, -9, GETUTCDATE())), 'Returned', 'FedEx', '0OPEC1O28MRU', 7, 7),
  (38, 5.87, DATEADD(day, -1, GETUTCDATE()), DATEADD(day, 5, DATEADD(day, -1, GETUTCDATE())), 'Delivered', 'USPS', 'FML5Q09AXZDL', 7, 1),
  (39, 7.22, DATEADD(day, -4, GETUTCDATE()), DATEADD(day, 7, DATEADD(day, -4, GETUTCDATE())), 'Delivered', 'FedEx', '5ZFC4NBTG7Y9', 7, 4),
  (40, 6.84, DATEADD(day, -5, GETUTCDATE()), DATEADD(day, 6, DATEADD(day, -5, GETUTCDATE())), 'Pending', 'FedEx', 'QYBCUFPHE8BR', 7, 8),
  (41, 15.7, DATEADD(day, -1, GETUTCDATE()), DATEADD(day, 7, DATEADD(day, -1, GETUTCDATE())), 'Returned', 'USPS', 'A10A5WP8MSKJ', 2, 1),
  (42, 6.48, DATEADD(day, -7, GETUTCDATE()), DATEADD(day, 3, DATEADD(day, -7, GETUTCDATE())), 'Pending', 'USPS', 'EQ32LMX861K6', 3, 8),
  (43, 19.56, DATEADD(day, -2, GETUTCDATE()), DATEADD(day, 4, DATEADD(day, -2, GETUTCDATE())), 'Pending', 'DHL', 'TJSV7Q1ORP7S', 9, 2),
  (44, 19.28, DATEADD(day, -7, GETUTCDATE()), DATEADD(day, 7, DATEADD(day, -7, GETUTCDATE())), 'Delivered', 'FedEx', '341BS1VEHB0U', 2, 6),
  (45, 5.96, DATEADD(day, -4, GETUTCDATE()), DATEADD(day, 4, DATEADD(day, -4, GETUTCDATE())), 'Delivered', 'USPS', 'EGYW55HM93LZ', 3, 2),
  (46, 14.22, DATEADD(day, -5, GETUTCDATE()), DATEADD(day, 7, DATEADD(day, -5, GETUTCDATE())), 'Shipped', 'UPS', 'G1LJ9VKHYC6M', 4, 9),
  (47, 14.63, DATEADD(day, -2, GETUTCDATE()), DATEADD(day, 3, DATEADD(day, -2, GETUTCDATE())), 'Pending', 'USPS', 'MIVJ8G03CH3O', 7, 4),
  (48, 10.36, DATEADD(day, -6, GETUTCDATE()), DATEADD(day, 7, DATEADD(day, -6, GETUTCDATE())), 'Shipped', 'UPS', 'R6DNIJI1LCX9', 9, 10),
  (49, 12.85, DATEADD(day, -2, GETUTCDATE()), DATEADD(day, 4, DATEADD(day, -2, GETUTCDATE())), 'Pending', 'DHL', '2R3BU2G82DE7', 5, 10),
  (50, 17.74, DATEADD(day, -8, GETUTCDATE()), DATEADD(day, 7, DATEADD(day, -8, GETUTCDATE())), 'Pending', 'UPS', '4W3W5J43DWIB', 8, 3),
  (51, 17.65, DATEADD(day, -9, GETUTCDATE()), DATEADD(day, 2, DATEADD(day, -9, GETUTCDATE())), 'Delivered', 'UPS', '6T1412AZREJ5', 9, 5),
  (52, 17.48, DATEADD(day, -0, GETUTCDATE()), DATEADD(day, 6, DATEADD(day, -0, GETUTCDATE())), 'Shipped', 'DHL', 'RP8ZF3WSRKLU', 8, 3),
  (53, 18.56, DATEADD(day, -5, GETUTCDATE()), DATEADD(day, 2, DATEADD(day, -5, GETUTCDATE())), 'Returned', 'DHL', 'E7IZ2AWOE1YR', 4, 2),
  (54, 16.56, DATEADD(day, -0, GETUTCDATE()), DATEADD(day, 6, DATEADD(day, -0, GETUTCDATE())), 'Returned', 'USPS', '2LMLXG8GCIO9', 7, 3),
  (55, 19.16, DATEADD(day, -0, GETUTCDATE()), DATEADD(day, 7, DATEADD(day, -0, GETUTCDATE())), 'Pending', 'DHL', 'J2E4NJE35Q90', 3, 7),
  (56, 7.73, DATEADD(day, -1, GETUTCDATE()), DATEADD(day, 4, DATEADD(day, -1, GETUTCDATE())), 'Shipped', 'DHL', 'MBSIEH1P1D48', 3, 1),
  (57, 18.23, DATEADD(day, -7, GETUTCDATE()), DATEADD(day, 2, DATEADD(day, -7, GETUTCDATE())), 'Delivered', 'DHL', 'S8CDA8MRD5CU', 10, 5),
  (58, 19.03, DATEADD(day, -9, GETUTCDATE()), DATEADD(day, 2, DATEADD(day, -9, GETUTCDATE())), 'Shipped', 'DHL', 'CDUTVGKVH1PH', 8, 2),
  (59, 7.9, DATEADD(day, -2, GETUTCDATE()), DATEADD(day, 4, DATEADD(day, -2, GETUTCDATE())), 'Returned', 'USPS', 'HAA9MPCCTQUC', 3, 3),
  (60, 6.09, DATEADD(day, -7, GETUTCDATE()), DATEADD(day, 6, DATEADD(day, -7, GETUTCDATE())), 'Delivered', 'USPS', 'LKCUIODY3OGI', 4, 2),
  (61, 13.28, DATEADD(day, -3, GETUTCDATE()), DATEADD(day, 3, DATEADD(day, -3, GETUTCDATE())), 'Shipped', 'FedEx', 'R945T375M3QB', 2, 2),
  (62, 11.72, DATEADD(day, -2, GETUTCDATE()), DATEADD(day, 2, DATEADD(day, -2, GETUTCDATE())), 'Delivered', 'USPS', 'E435OYLLHN1M', 1, 1),
  (63, 7.97, DATEADD(day, -9, GETUTCDATE()), DATEADD(day, 4, DATEADD(day, -9, GETUTCDATE())), 'Returned', 'USPS', 'KHIKHJCBQJGH', 3, 10),
  (64, 12.93, DATEADD(day, -5, GETUTCDATE()), DATEADD(day, 3, DATEADD(day, -5, GETUTCDATE())), 'Pending', 'UPS', '228M9X1IVD4R', 2, 3),
  (65, 12.45, DATEADD(day, -8, GETUTCDATE()), DATEADD(day, 5, DATEADD(day, -8, GETUTCDATE())), 'Returned', 'DHL', 'G9IAEEWO83MU', 1, 2),
  (66, 6.82, DATEADD(day, -2, GETUTCDATE()), DATEADD(day, 2, DATEADD(day, -2, GETUTCDATE())), 'Delivered', 'FedEx', '4B7EWLRDMF8W', 9, 8),
  (67, 13.6, DATEADD(day, -3, GETUTCDATE()), DATEADD(day, 2, DATEADD(day, -3, GETUTCDATE())), 'Pending', 'USPS', 'M5V1UL5XL3JK', 6, 6),
  (68, 15.48, DATEADD(day, -9, GETUTCDATE()), DATEADD(day, 2, DATEADD(day, -9, GETUTCDATE())), 'Pending', 'UPS', 'UN1BPSRJVSAL', 3, 8),
  (69, 8.72, DATEADD(day, -8, GETUTCDATE()), DATEADD(day, 4, DATEADD(day, -8, GETUTCDATE())), 'Delivered', 'USPS', 'E6GMF70ZD6PM', 6, 3),
  (70, 12.7, DATEADD(day, -10, GETUTCDATE()), DATEADD(day, 4, DATEADD(day, -10, GETUTCDATE())), 'Delivered', 'USPS', 'WN7N9LHNJD6W', 5, 2),
  (71, 7.93, DATEADD(day, -6, GETUTCDATE()), DATEADD(day, 2, DATEADD(day, -6, GETUTCDATE())), 'Delivered', 'DHL', 'QOACYYL1040C', 5, 10),
  (72, 10.43, DATEADD(day, -1, GETUTCDATE()), DATEADD(day, 4, DATEADD(day, -1, GETUTCDATE())), 'Returned', 'DHL', 'QBOPWYFC9RZW', 8, 6),
  (73, 6.89, DATEADD(day, -10, GETUTCDATE()), DATEADD(day, 7, DATEADD(day, -10, GETUTCDATE())), 'Returned', 'DHL', 'F9S1MRE4AC4O', 1, 8),
  (74, 18.82, DATEADD(day, -7, GETUTCDATE()), DATEADD(day, 3, DATEADD(day, -7, GETUTCDATE())), 'Delivered', 'FedEx', 'V0VSVESXXLFK', 3, 6),
  (75, 14.67, DATEADD(day, -0, GETUTCDATE()), DATEADD(day, 5, DATEADD(day, -0, GETUTCDATE())), 'Delivered', 'FedEx', '8395LT9B44SP', 3, 5),
  (76, 9.72, DATEADD(day, -5, GETUTCDATE()), DATEADD(day, 7, DATEADD(day, -5, GETUTCDATE())), 'Shipped', 'USPS', 'F1L8D4Z7TWD8', 6, 8),
  (77, 11.84, DATEADD(day, -10, GETUTCDATE()), DATEADD(day, 5, DATEADD(day, -10, GETUTCDATE())), 'Returned', 'USPS', 'C5O8VG3LGB43', 3, 1),
  (78, 11.91, DATEADD(day, -8, GETUTCDATE()), DATEADD(day, 5, DATEADD(day, -8, GETUTCDATE())), 'Pending', 'USPS', '23OW82CWUO2J', 5, 1),
  (79, 19.73, DATEADD(day, -10, GETUTCDATE()), DATEADD(day, 4, DATEADD(day, -10, GETUTCDATE())), 'Returned', 'DHL', 'ZEAI9UO09AFI', 4, 7),
  (80, 7.99, DATEADD(day, -2, GETUTCDATE()), DATEADD(day, 6, DATEADD(day, -2, GETUTCDATE())), 'Delivered', 'UPS', 'TGK9MGY1CIOV', 1, 6),
  (81, 8.93, DATEADD(day, -6, GETUTCDATE()), DATEADD(day, 3, DATEADD(day, -6, GETUTCDATE())), 'Delivered', 'UPS', 'B5Y5CTQ6QT9H', 5, 9),
  (82, 6.63, DATEADD(day, -1, GETUTCDATE()), DATEADD(day, 6, DATEADD(day, -1, GETUTCDATE())), 'Pending', 'FedEx', '7WQYGN8RGKSZ', 2, 8),
  (83, 15.26, DATEADD(day, -0, GETUTCDATE()), DATEADD(day, 6, DATEADD(day, -0, GETUTCDATE())), 'Returned', 'USPS', 'PMTK56U4FUN9', 6, 5),
  (84, 19.48, DATEADD(day, -0, GETUTCDATE()), DATEADD(day, 6, DATEADD(day, -0, GETUTCDATE())), 'Pending', 'UPS', '57QEUGJ9THUJ', 1, 4),
  (85, 10.42, DATEADD(day, -9, GETUTCDATE()), DATEADD(day, 2, DATEADD(day, -9, GETUTCDATE())), 'Delivered', 'UPS', 'W0IE7WWCYAPM', 8, 6),
  (86, 16.93, DATEADD(day, -6, GETUTCDATE()), DATEADD(day, 3, DATEADD(day, -6, GETUTCDATE())), 'Pending', 'DHL', 'M7C7BG38HQR8', 8, 7),
  (87, 15.88, DATEADD(day, -8, GETUTCDATE()), DATEADD(day, 2, DATEADD(day, -8, GETUTCDATE())), 'Pending', 'UPS', 'JEWEBCIYWHAJ', 3, 2),
  (88, 13.26, DATEADD(day, -8, GETUTCDATE()), DATEADD(day, 2, DATEADD(day, -8, GETUTCDATE())), 'Returned', 'DHL', 'C3QOH7E769Q5', 7, 8),
  (89, 16.76, DATEADD(day, -0, GETUTCDATE()), DATEADD(day, 2, DATEADD(day, -0, GETUTCDATE())), 'Delivered', 'FedEx', '3RRD6E65N1PX', 10, 7),
  (90, 15.2, DATEADD(day, -4, GETUTCDATE()), DATEADD(day, 6, DATEADD(day, -4, GETUTCDATE())), 'Delivered', 'FedEx', '89Q6EMY4ZR35', 2, 8),
  (91, 14.34, DATEADD(day, -4, GETUTCDATE()), DATEADD(day, 3, DATEADD(day, -4, GETUTCDATE())), 'Delivered', 'FedEx', '39Y63ZROJ5KB', 2, 5),
  (92, 9.41, DATEADD(day, -2, GETUTCDATE()), DATEADD(day, 5, DATEADD(day, -2, GETUTCDATE())), 'Pending', 'DHL', 'EAI25LFQVKBS', 9, 10),
  (93, 15.12, DATEADD(day, -8, GETUTCDATE()), DATEADD(day, 7, DATEADD(day, -8, GETUTCDATE())), 'Delivered', 'UPS', '583ASM89JWF7', 10, 3),
  (94, 10.7, DATEADD(day, -10, GETUTCDATE()), DATEADD(day, 2, DATEADD(day, -10, GETUTCDATE())), 'Pending', 'FedEx', '7818R1JHW8IK', 7, 4),
  (95, 11.67, DATEADD(day, -6, GETUTCDATE()), DATEADD(day, 6, DATEADD(day, -6, GETUTCDATE())), 'Returned', 'FedEx', '8YTY65R5CWTT', 6, 5),
  (96, 17.88, DATEADD(day, -9, GETUTCDATE()), DATEADD(day, 2, DATEADD(day, -9, GETUTCDATE())), 'Shipped', 'DHL', '9RZ0CH103YNA', 6, 10),
  (97, 12.96, DATEADD(day, -2, GETUTCDATE()), DATEADD(day, 2, DATEADD(day, -2, GETUTCDATE())), 'Shipped', 'USPS', 'IKAORXZIWRB6', 1, 9),
  (98, 7.18, DATEADD(day, -6, GETUTCDATE()), DATEADD(day, 5, DATEADD(day, -6, GETUTCDATE())), 'Delivered', 'USPS', 'BFQ07D7I2LLQ', 1, 6),
  (99, 14.67, DATEADD(day, -6, GETUTCDATE()), DATEADD(day, 4, DATEADD(day, -6, GETUTCDATE())), 'Delivered', 'USPS', 'GYIKQPKQ3T0I', 1, 9),
  (100, 12.24, DATEADD(day, -0, GETUTCDATE()), DATEADD(day, 6, DATEADD(day, -0, GETUTCDATE())), 'Pending', 'USPS', 'DKSDMDV6A5AV', 7, 1);

-- Insert Discounts for 10 random products and 10 random orders (omit Discount_ID)
INSERT INTO Discount (Discount_Type, Amount, Start_Date, End_Date, Product_ID, Order_ID)
VALUES
  -- Product discounts
  ('Percentage', 0.10, '2025-04-01',               '2025-04-15',               7,  NULL),
  ('Flat',       15.00, DATEADD(day, -10, GETUTCDATE()), DATEADD(day,  5, GETUTCDATE()), 14, NULL),
  ('Percentage', 0.20, '2025-04-05',               '2025-04-20',               21, NULL),
  ('Flat',       25.00, '2025-04-10',               '2025-05-10',               28, NULL),
  ('Percentage', 0.15, DATEADD(day, -7, GETUTCDATE()), DATEADD(day, 14, GETUTCDATE()), 35, NULL),
  ('Flat',       30.00, '2025-04-07',               '2025-04-21',               42, NULL),
  ('Percentage', 0.05, '2025-03-25',               '2025-04-05',               49, NULL),
  ('Flat',       20.00, '2025-04-03',               '2025-04-17',               56, NULL),
  ('Percentage', 0.25, DATEADD(day, -3, GETUTCDATE()), DATEADD(day,  7, GETUTCDATE()), 63, NULL),
  ('Flat',       35.00, '2025-04-12',               '2025-04-30',               70, NULL),

  -- Order discounts
  ('Percentage', 0.05, '2025-04-10',               '2025-04-30',               NULL, 3),
  ('Flat',       10.00, DATEADD(day, -5, GETUTCDATE()), DATEADD(day,  5, GETUTCDATE()), NULL, 8),
  ('Percentage', 0.12, '2025-04-08',               '2025-04-22',               NULL, 15),
  ('Flat',       20.00, '2025-04-01',               '2025-04-16',               NULL, 22),
  ('Percentage', 0.18, DATEADD(day, -2, GETUTCDATE()), DATEADD(day, 10, GETUTCDATE()), NULL, 30),
  ('Flat',       50.00, '2025-04-05',               '2025-04-25',               NULL, 45),
  ('Percentage', 0.07, '2025-04-03',               '2025-04-18',               NULL, 55),
  ('Flat',       40.00, DATEADD(day, -7, GETUTCDATE()), DATEADD(day,  3, GETUTCDATE()), NULL, 66),
  ('Percentage', 0.30, '2025-04-15',               '2025-04-30',               NULL, 77),
  ('Flat',       60.00, DATEADD(day, -1, GETUTCDATE()), DATEADD(day, 14, GETUTCDATE()), NULL, 88);
